14;F;Acinthe Angelique van Blue Lover;CRX c 33;...;FE.R83.RC.006.6;16969;CRX n 33;16967;XSH a 33
1251;F;Hilken Red Progress;SBI f;...;GCCF EX 154095;1244;SBI n;2014;XSH f 09
3270;F;Algol Silver Betsa;ABY ns;...;GCCF NS 021011;18808;XSH s;3267;ABY o
3443;F;Breath-Taking's Erle Perle Fnidder-Fnadder;PER n 33;...;FD RX 1880;14354;PER n 33;36028;XLH
3500;F;Syriam's Justine;BSH a;28-10-1990;FD RX 7495;2031;BSH a;1814;XSH g
4032;F;Burra van Sheba's Adiba;ABY n;...;NHS AK 54.495;3266;XSH a 23;3935;ABY o
4798;M;Las Perlas-sin Cepetto;SBI n 21;...;WCF DE 0107 RIEX;6773;SBI a;15481;XLH ns 11
5278;F;Jourdan's Curly Mixi;CRX f;...;FD RX 2485;15710;CRX;15712;XSH
6991;M;Tanholt' Kompromis;OSH d 25;...;FD RX 4484;3230;OSH d;15609;XSH n 25
7102;M;Jo-Jo vom Rococo Schloss;SBI e;...;1.DEKZV LO 082355;8799;SBI e;8801;XLH
7157;M;Val-d'or de Bassecour;SBI n 21;...;1.DEKZV 128366;7154;SBI n;8369;XLH n 22
8799;M;Claudius vom Rococo Schloss;SBI e;...;1.DEKZV LO 071072;4280;SBI n;18985;XLH
8804;F;Action vom Rococo Schloss;SBI f;...;1.DEKZV RX 107395;7102;SBI e;12647;XLH
9457;M;Shwechinthe Eros;SBI c;...;GCCF EX 154585;1369;SBI n;4131;XLH b 33
10948;F;Procol Harum Zazu Phantazi;DRX f;...;FE.R89.RD.016.2;87219;DRX n;87220;XSH f
12638;F;Syriam's Dolly;BSH g;28-10-1990;FD RX 7514;2031;BSH a;1814;XSH g
15086;M;Quintessenza Maëstro Mikkel;MAN x d 02 54;...;FD RX 3348;2903;MAN n 02 51;15148;XSH f 09
15147;M;Billy Brown van Blue Lover;CRX b;...;FE.R84.RC.014.2;16964;CRX d;16967;XSH a 33
15331;M;Hijoy Casanova;DRX ns;...;SVERAK RX 45125;17705;DRX ns 22;4031;XSH ns
16155;M;Pa Tat van Plezier;DRX ns 23;...;1.DEKZV RX 099718;69411;XSH ns 24;17725;DRX f 23
16967;F;Acinthe Amara van Blue Lover;XSH a 33;...;FE.R82.XK.003.1;17;XSH c 33;16965;XSH a 33
16969;M;Pygmalion van Ingeing;CRX n 33;...;LBOF 2440-33;16966;XSH d 33;16968;CRX f
17093;M;Linkret Arctic Slippers;SIA a 03;...;CA RX 88081030;17090;SIA c 21;18809;XSH
19515;M;Chaumiére;CRX e;...;NRR RX 425;19513;XSH a;19514;CRX f 09
19872;M;Cooli On Apromise;CRX n 09;...;GCCF CSREF 025289;19882;CRX n;20238;XSH n 09
19876;F;Thamakan Silver Ginnie;BML bs 11;...;FD RX REG 1244;20255;BML ns 11;15152;XSH
19882;M;Cooli Jackdaw;CRX n;...;GCCF SRNS 141083;19881;CRX c;20236;XSH n
20234;M;Amaska Ambassador;CRX d 09;...;SVERAK RX 45352;20229;CRX d 09;20233;XSH f 09
20243;F;Kralahome Heavencanwait;CRX b 09 22;...;SVERAK RX 91072;19872;CRX n 09;19875;XSH b 22
20255;M;Thamakan Silver Carioco;BML ns 11;...;FD RX REG 1114;78;XSH x ns;31409;BML ns 11
20483;F;DK Rønholms Choko;SIA n;...;FD RX 4182;20485;SIA n;20486;XSH a 33
23162;F;Syriam's Chiquita;BSH g;28-10-1990;FD RX 9392;2031;BSH a;1814;XSH g
24447;M;DK Malevitch Blue Point Mr. Pyrus;XSH a 33;12-12-1997;FD RX 12552;49215;XSH a 33;69282;XSH a 33
25664;F;Syriam's Daisy;BSH g;28-10-1990;FD RX 7829;2031;BSH a;1814;XSH g
34836;F;DK Paragon Blue Killmouski Miss Hyde;RUS;05-12-1998;FD RX 13191;56581;RUS;67071;XSH a 33
35368;M;ET;DRX n;...;SVERAK RX 97067;35363;DRX ns;35365;XSH n
35376;F;Ikari Donna;DRX fs 22;...;GCCF SRNS 276463;17702;DRX ns 22;50596;XSH g 22 32
36025;F;Thamakan Silver Joy;BML ns 11;11-10-1988;FD RX REG 1309;20255;BML ns 11;15152;XSH
37469;F;Cora-Terry's Daiquiri;SBI n 21;02-05-1988;FD RX 6571;3584;XLH n 22;14783;SBI n
38173;M;Big Boy 98-105;BML as 11;29-05-1998;FD RX 13018;55693;XSH ns 11;47814;BML ns 11
38588;M;DK Attemoses Sophus;CRX e;...;FD RX 5767;15711;CRX a;15720;XSH f
38716;M;Roly Poly R. de Tuatha-De-Danann;BSH ns 11;...;NCT A926255;22312;BSH ns 11;24029;XLH ns 11
38990;F;Shwechinthe Jinjarri;SBI n;...;GCCF NSSR 143218;38989;SBI n;4131;XLH b 33
49712;F;B-Cleopatra;BSH w 63;...;CA RX 91101510;49708;XLH b;49711;BSH w 62
50589;F;Ikari Venus;DRX fs;...;GCCF SRNS 217223;17702;DRX ns 22;50596;XSH g 22 32
50593;F;Ikari Vanity Fair;DRX ns;...;1.DEKZV LO 191633;50592;DRX ns 09;50596;XSH g 22 32
51012;F;DK Egalia's Blue P Sava Abbalu Malevitch;RUS;12-12-1996;FD RX 11722;49215;XSH a 33;71440;RUS
53066;M;DK Malevitch P Tiger Tyson of Egalia;RUS;08-12-1996;FD RX 11651;49215;XSH a 33;58951;RUS
54676;M;Ad Vent van Plezier;DRX n 23;...;MU.R89.RD.FE.058;24144;DRX c 22 32;54669;XSH n 09
54842;M;DK Steenbergs Burmilla Ollie;BML ns 11;18-06-1998;FD RX 13148;55693;XSH ns 11;65050;BML ns 11
55069;M;DK Egalia's Blue P Sila Akryto Malevitch;RUS;12-12-1996;FD RX 11723;49215;XSH a 33;71440;RUS
55070;M;DK Egalia's Blue P Szeuz Adun Malevitch;RUS;12-12-1996;FD RX 11724;49215;XSH a 33;71440;RUS
55557;F;DK Egalia's Blue Basurka Bell L'Bes;RUS;06-10-1997;FD RX 12367;49215;XSH a 33;73703;RUS
56673;M;Premas Lilac Echo;SBI c;...;GCCF CSEXP 047064;61653;XLH n 33;61654;SBI n
57025;M;DK Egalia's Blue Alsac Avanti L'Bes;RUS;06-09-1997;FD RX 12363;49215;XSH a 33;58795;RUS
57047;M;DK Egalia's Blue P Sais Aminos Malevitch;RUS;12-12-1996;FD RX 11725;49215;XSH a 33;71440;RUS
57167;M;DK Egalia's Blue Azyrko Amarin L'Bes;RUS;06-09-1997;FD RX 12365;49215;XSH a 33;58795;RUS
58062;F;Aratak Wo Cinderella;DRX c 33;...;ACF GCCFSA (S) 11560;58058;DRX b 33;58059;XSH f
58109;M;DK Egalia's Blue Andante A La Carte L'Bes;RUS;06-09-1997;FD RX 12364;49215;XSH a 33;58795;RUS
58567;F;DK Egalia's Blue Amaya Avangelin L'Bes;RUS;06-09-1997;FD RX 12366;49215;XSH a 33;58795;RUS
59917;M;DK Egalia's Blue P Brave Byron Malevitch;RUS;22-01-1997;FD RX 11726;49215;XSH a 33;58798;RUS
60251;F;Rishabha Frankincense;SBI a 21;...;GCCF CSSR 304185;60246;XLH a 21 33;60249;SBI g 21
60271;M;Thamakan Silver Archie;BML bs 11;20-06-1996;FD RX 11824;49939;XSH ns 11 31;20418;BML x ay
60537;M;DK Malevitch Blue Point Mr. Popeye;XSH a 33;12-12-1997;FD RX 12551;49215;XSH a 33;69282;XSH a 33
62591;F;DK Steenbergs Burmilla Olivia;BML ns 11;18-06-1998;FD RX 13149;55693;XSH ns 11;65050;BML ns 11
64943;M;Moomins Making Waves;CRX d 09;...;GCCF CSREF 050387;64941;CRX as;64942;XSH f 09
65234;M;Goldie 98-107;BML bs 11;29-05-1998;FD RX 13020;55693;XSH ns 11;47814;BML ns 11
65235;F;Baby 98-108;BML ns 11;29-05-1998;FD RX 13021;55693;XSH ns 11;47814;BML ns 11
66238;M;DK Steenbergs Burmilla Orson;BML ns 11;20-06-1998;FD RX 13150;55693;XSH ns 11;61229;BML ns 11
66239;M;DK Steenbergs Burmilla Oliver;BML ns 11;20-06-1998;FD RX 13151;55693;XSH ns 11;61229;BML ns 11
66799;F;Silver 98-106;BML as 11;29-05-1998;FD RX 13019;55693;XSH ns 11;47814;BML ns 11
67071;F;DK Malevitch Blue Point Mizz Paragon;XSH a 33;12-12-1997;FD RX 12553;49215;XSH a 33;69282;XSH a 33
67687;F;Millwood Thi Sam;BEN n 24;27-03-1994;FD RX REG 1794;83090;BEN n 24;47720;XSH n 24
69032;M;DK Paragon Blue Killmouski Dr. Jekyll;RUS;05-12-1998;FD RX 13190;56581;RUS;67071;XSH a 33
69580;M;Mr. Sioux Warrior van Goedee;SPH n 25;...;NCT A976107;69576;SPH n 09 21;69579;XSH
69586;F;Blue Melody van Loth-Loriën Forest;RUS;...;DVDK LOB 13036;69584;RUS;69585;XSH n
69842;M;Rainbow Warriors' Mr. Niwot;SPH n 25;25-04-1998;FD RX 13452;69580;SPH n 25;69588;XSH a
71544;M;DK Daisy's EisBlue Hermes of Olympia;RUS;19-02-1998;FD RX 12641;49215;XSH a 33;51012;RUS
71874;F;Orbi van Plezier;DRX n 09;22-03-1989;TICA C3T 032289 023;24144;DRX c 22 32;54669;XSH n 09
72848;F;DK Malevitch P Tiger Tessa of Egalia;RUS;08-12-1996;FD RX 11650;49215;XSH a 33;58951;RUS
76141;M;Gazzella Libra;BML ns 11;...;CA RX 95021209;76137;XSH ds 11;76138;BML x fs 11
76145;M;Gazzella Nostradamus;BML ns 11;...;CA RX 960983;76143;BML as 11;76144;XSH fs 11
76152;M;B-Cherubino;BML bs 12;...;CA RX 91070204;76148;BML ns 11;76151;XSH ns 11
80184;F;Bi-O-Rex Van Mandingo;DRX n 09;...;FE.R88.RD.NL.01;80179;DRX a;80183;XSH n 09
80876;F;Millwood Mirror Image;BEN n 24;...;GCCF CSREF 309055;82513;BEN n 24;80872;XSH n 24
87151;F;Zauber-Rexe van Sassanieden;DRX f 09;...;NKFV RVT 58.891;87217;DRX e 09 22;87218;XSH ns 09
87712;M;Stella's Odin;BSH a 22;18-03-1983;FD RX 3439;87709;BSH a;87711;XSH a 22
90121;M;DK Beavis Dexter;BUR d;04-11-2001;FD RX 112942;88407;XSH ns 25;75276;BUR f
90122;F;DK Beavis Luna;BUR n;04-11-2001;FD RX 112943;88407;XSH ns 25;75276;BUR f
90757;F;S*Curlicue's Amanda;DRX ds;09-12-1993;SVERAK RX 120873;90738;DRX ds;90756;XSH f 24
90760;F;IDP*Lupinängens Carmencita;DRX n 22;17-06-1988;(SE)SVERAK RX 128781;90758;DRX n 22;90821;XSH w
92540;F;Big Blue's Swaggirl;DRX fs;...;FVK DRX C329-99 K3;92539;XSH ds 22;92535;DRX n
95753;F;Franzi v. Wahrstein;BSH n 33;...;1.DEKZV 203980;95751;BSH a 33;95752;XSH n 33
96518;M;Kitnhuyse Lloyds of London;SPH d 09 32;05-04-1998;TICA COT 040598 003;96520;XSH n 09 32;95428;SPH g 09
97371;M;Honey Bey of Olly's Nest;BSH b;...;NKFV RVT 90.263 EXP;97370;XSH a;97369;BSH n
97373;F;Kelly of Olly's Nest;BSH a 33;...;NKFV RVT 94.104 EXP;97370;XSH a;97372;BSH a 33
97588;F;Millwood Barbie Q;BEN n 24;02-08-1996;GCCF CSREF 393240;83077;BEN n 24;97579;XSH n 24
98290;F;DK Beavis Gerda;BUR n;28-11-2002;FD RX 118554;74442;BUR c;90125;XSH ns 25
98291;F;DK Beavis Klara;BUR n;28-11-2002;FD RX 118555;74442;BUR c;90125;XSH ns 25
99485;F;Arishi von Candigarah;BUR c;...;WACC RVDE 01035077;88409;XSH ns 25;99484;BUR c
100750;F;DK Nadikat's Maggie;BUR x a 25;19-02-2003;FD RX 120113;85090;BUR n;96184;XSH ns 25
100751;M;DK Nadikat's Monrad;BUR x b 25;19-02-2003;FD RX 120114;85090;BUR n;96184;XSH ns 25
100752;M;DK Nadikat's Mikkel;BUR x b 25;19-02-2003;FD RX 120115;85090;BUR n;96184;XSH ns 25
100753;M;DK Nadikat's Lille Mads;BUR n;19-02-2003;FD RX 120116;85090;BUR n;96184;XSH ns 25
102327;F;DK Wiki's Mimi;BSH ns 24 64;28-05-2003;FD RX 121369;77818;BSH ns 24 64;96458;XSH ns 24 64
102328;M;DK Wiki's Luffe;BSH ns 24 64;28-05-2003;FD RX 121370;77818;BSH ns 24 64;96458;XSH ns 24 64
102329;M;DK Wiki's Oliver;BSH ns 24 64;28-05-2003;FD RX 121371;77818;BSH ns 24 64;96458;XSH ns 24 64
102330;M;DK Wiki's Balder;BSH ns 24 64;28-05-2003;FD RX 121372;77818;BSH ns 24 64;96458;XSH ns 24 64
103630;F;Fie 03-044;BUR b;24-05-2003;FD RX 122166;90127;XSH ns 25;94697;BUR b
103631;F;Fuzi 03-045;BUR n;24-05-2003;FD RX 122167;90127;XSH ns 25;94697;BUR b
106905;M;Skogshöjdens Indigo Gold;SBI a 21;09-01-2002;(SE)SVERAK RX 177183;106896;SBI a;106904;XLH n 09 22
106925;F;DK Wiki's Donna II;BSH ns;10-11-2003;FD RX 124390;104868;BSH ns 22 64;96458;XSH ns 24 64
106926;M;DK Wiki's Max;BSH ns;10-11-2003;FD RX 124391;104868;BSH ns 22 64;96458;XSH ns 24 64
106927;M;DK Wiki's Nero;BSH ns;10-11-2003;FD RX 124392;104868;BSH ns 22 64;96458;XSH ns 24 64
106928;M;DK Wiki's Monty;BSH ns 22 62;10-11-2003;FD RX 124393;104868;BSH ns 22 64;96458;XSH ns 24 64
108529;F;DK Nadikat's Rosa;BUR a;01-12-2003;FD RX 125368;74442;BUR c;108234;XSH ns 25
108530;M;DK Nadikat's Romio;BUR n;01-12-2003;FD RX 125369;74442;BUR c;108234;XSH ns 25
110930;F;Tacosa Indianna;OCI b 24;02-01-1997;NZCF PR 4227-F;110928;OCI bs 24;110929;XSH b 24
111177;M;Minrex Niki;DRX n;...;Kat ID: 263306;115174;DRX ns;115179;XSH n 24
112644;F;Millwood Shebuki of Rosetta;BEN n 24;13-06-1997;TICA B2T 061397 022;83077;BEN n 24;97579;XSH n 24
113551;M;Ephraïm vom Hause Hamann;GRX d 24;...;DRU 105089 RIEX;129115;XSH d 24;128916;GRX d 24
113555;F;European Star's Curly-Sue;GRX f;13-04-2004;FD RX 128699;113553;GRX d 24;113554;XSH n 24
114082;M;DK Wiki's Marquis Charmar;BSH ns 24 64;28-07-2004;FD RX 129057;104868;BSH ns 22 64;96458;XSH ns 24 64
114841;F;Celine 04-64;BUR b;02-04-2004;FD RX 129626;103627;XSH ns 25;103630;BUR b
114842;M;Flip 04-65;BUR x b 22;02-04-2004;FD RX 129627;103627;XSH ns 25;103630;BUR b
115178;F;Minrex Nina;DRX n;17-07-1993;(SE)SVERAK RX 119199;115174;DRX ns;115179;XSH n 24
119171;M;FIN*Jokikatin Allegro molto;GRX a;28-06-2002;SRK RX 24014;119168;XSH d 25;119170;GRX n
120791;M;DK Wiki's Qaiser;BSH ns 22 64;06-04-2005;FD RX 133296;104868;BSH ns 22 64;96458;XSH ns 24 64
120792;M;DK Wiki's Silver Indy;BSH ns 22 64;06-04-2005;FD RX 133297;104868;BSH ns 22 64;96458;XSH ns 24 64
120793;M;DK Wiki's Bucky;BSH x as 64;06-04-2005;FD RX 133298;104868;BSH ns 22 64;96458;XSH ns 24 64
120794;F;DK Wiki's Amy;BSH a 22;06-04-2005;FD RX 133299;104868;BSH ns 22 64;96458;XSH ns 24 64
120795;F;DK Wiki's Black Olivia;BSH ns 22 62;06-04-2005;FD RX 133300;104868;BSH ns 22 64;96458;XSH ns 24 64
128051;F;Kurisumasu Suiyo;JBT f 09;01-04-1997;CFA 6649-1127698 V0998;128013;JBT n 09;128047;XLH f 09 22
128052;M;Cacin Shinobi of Kiddlyn;JBT n;10-04-1991;CFA 6808-707161 V0395;128048;XLH d 09;128049;JBT n 09
128916;F;Jamaica vom Hause Hamann;GRX d 24;...;DRU 100236 RIEX;139731;GRX d 24;139732;XSH w 62
130714;F;Spotzycat Kafka;OCI n 24;03-02-1999;NZCF PR 4488-A;130710;OCI ns 24;130713;XSH b 22
130833;M;DK Wiki's Jack Sparrow;BSH ns 22 64;22-03-2006;FD RX 140023;104868;BSH ns 22 64;96458;XSH ns 24 64
130834;M;DK Wiki's Jauque Junior;BSH ns 22 64;22-03-2006;FD RX 140024;104868;BSH ns 22 64;96458;XSH ns 24 64
130835;M;DK Wiki's Casanova Tyson;BSH ns 22 64;22-03-2006;FD RX 140025;104868;BSH ns 22 64;96458;XSH ns 24 64
130836;M;DK Wiki's Whiska Felix;BSH a 24;22-03-2006;FD RX 140026;104868;BSH ns 22 64;96458;XSH ns 24 64
134615;M;DK Wehnert's Velcro;SBI n;09-06-2006;FD RX 142684;63507;SBI n;121868;XLH a 21 33
134616;M;DK Wehnert's Vimse;SBI n 21;09-06-2006;FD RX 142685;63507;SBI n;121868;XLH a 21 33
134617;F;DK Wehnert's Venus;SBI n;09-06-2006;FD RX 142686;63507;SBI n;121868;XLH a 21 33
134618;F;DK Wehnert's Viola;SBI a;09-06-2006;FD RX 142687;63507;SBI n;121868;XLH a 21 33
134787;F;Cox vom Rotstein;GRX f;...;Felina 201549/EXP.;136792;GRX d 24;136793;XSH w 61
136792;M;Quax vom Hause Hamann;GRX d 24;...;Felina 201105/EXP.;139733;XSH w 61;128916;GRX d 24
137134;M;Krinklecats Leopold;DRX d 23;...;BCF DRX.0509.H27;137046;DRX d 23;137133;XSH g 09 24
137155;M;S*Pipistrello's Xcalibur;DRX es 09;11-02-2001;SVERAK RX 169708;137080;DRX n;137154;XSH gs 09
138804;F;S*Raus Höjden's Embla;SBI g 21;21-06-2003;(SE)SVERAK RX 191008;138800;SBI e 21;138803;XLH a
139225;M;S*Tonga-Toy's Espresso;OCI b 24;10-02-2006;(SE)SVERAK RX 220147;139224;XSH n 25;110959;OCI b 24
139729;M;Ipso Rex von den Katzentreppen;GRX b 09;...;WCF SCC 05-1588R;139724;XSH n 24 09;139728;GRX n
140073;M;DK Wiki's Chaquimo;BSH ns 22 64;18-04-2007;FD LO 146545;104868;BSH ns 22 64;96458;XSH ns 24 64
140074;F;DK Wiki's Cheetah;BSH ns 24 64;18-04-2007;FD LO 146546;104868;BSH ns 22 64;96458;XSH ns 24 64
140075;F;DK Wiki's Zille;BSH ns;18-04-2007;FD LO 146547;104868;BSH ns 22 64;96458;XSH ns 24 64
140076;F;DK Wiki's Mindy Mind;BSH ns;18-04-2007;FD LO 146548;104868;BSH ns 22 64;96458;XSH ns 24 64
140422;M;DK Wehnert's X-It On Main Street;SBI b;28-04-2007;FD RX 146747;96782;SBI b;121868;XLH a 21 33
140423;M;DK Wehnert's Xenon;SBI a;28-04-2007;FD RX 146748;96782;SBI b;121868;XLH a 21 33
140424;M;DK Wehnert's X-Libris;SBI c;28-04-2007;(SE)SVERAK RX 241368;96782;SBI b;121868;XLH a 21 33
140425;M;DK Wehnert's X-Mondo;SBI c 21;28-04-2007;FD RX 146750;96782;SBI b;121868;XLH a 21 33
146559;M;DK Wehnert's Dario;SBI c;11-03-2008;(S)SVERAK RX 246286;76689;SBI c;121868;XLH a 21 33
146560;M;DK Wehnert's Dundee Gizmo;SBI c;11-03-2008;FD RX 171311;76689;SBI c;121868;XLH a 21 33
146561;M;DK Wehnert's Dusty;SBI c;11-03-2008;FD RX 171312;76689;SBI c;121868;XLH a 21 33
146562;M;DK Wehnert's Djasper;SBI a 21;11-03-2008;FD RX 171313;76689;SBI c;121868;XLH a 21 33
146563;M;DK Wehnert's Delmonico;SBI c 21;11-03-2008;FD RX 171314;76689;SBI c;121868;XLH a 21 33
146564;F;DK Wehnert's Dina;SBI a;11-03-2008;FD RX 171315;76689;SBI c;121868;XLH a 21 33
148395;F;S*Äleigas Chagall;SIB fs 09 23;06-05-2008;FD RX 172835;148385;XLH;148394;SIB d 23
149086;F;S*Älvnäs Charming Chagalls Chloe;SIB fs 09 23;06-05-2008;FD RX 173391;148385;XLH;148394;SIB d 23
149713;M;DK Wehnert's I Am Legend;SBI a 21;21-07-2008;FD RX 173791;135692;SBI a;121868;XLH a 21 33
149715;F;DK Wehnert's Independence Day;SBI a;21-07-2008;FD RX 173793;135692;SBI a;121868;XLH a 21 33
155418;M;Rosevalleyrags Brownbear Paw;RAG n;10-05-2007;(SE)SVERAK RX 236465;155412;XLH b 33;155417;RAG n 21
156920;F;Yeni Raki's Elmas Van;TUV f 21 63;...;1.ITAVC TUV-RX-5200/1.05;156918;XLH;156919;TUV f 21 61
159042;M;DK Wiki's Aslan Orlando;BSH ns 22 64;30-08-2007;FD RX 152944;138861;BSH ns 22 64;130832;XSH ns 22 64
159043;F;DK Wiki's Malou Aptemie;BSH ns 22 64;30-08-2007;FD RX 152945;138861;BSH ns 22 64;130832;XSH ns 22 64
159044;M;DK Wiki's Buller;BSH ns 22 64;30-08-2007;FD RX 152946;138861;BSH ns 22 64;130832;XSH ns 22 64
159045;M;DK Wiki's Silver Charlie;BSH ns 22 64;30-08-2007;FD RX 152947;138861;BSH ns 22 64;130832;XSH ns 22 64
159705;F;European Star's Crispina;GRX g 25;...;1.DEKZV RX 301046;113553;GRX d 24;113554;XSH n 24
159739;F;Belfry Merry Mary;SPH w;...;TICA A2P 100101 070;159737;SPH a 09;159717;XSH w
160247;F;Nuria vom Ottenthal;BSH c 03;...;WCF DE 62034;160255;XSH e 33;160256;BSH c
160462;F;Vande Bald's Bastetkatz Fay Ray;SPH f 21;...;TICA SBT 081301 040;160456;XLH a 21;160463;SPH f 09
160566;M;DK Wiki's Silver Ferrai;BSH ns 24 64;19-10-2007;FD RX 153439;138861;BSH ns 22 64;96458;XSH ns 24 64
160567;M;DK Wiki's Silver Porche;BSH ns 24 64;19-10-2007;FD RX 153440;138861;BSH ns 22 64;96458;XSH ns 24 64
160568;M;DK Wiki's Silver Lexus;BSH ns 24 64;19-10-2007;FD RX 153441;138861;BSH ns 22 64;96458;XSH ns 24 64
160820;F;B3's Esmeralda Aura/ID;BSH g;...;TICA SBV 032006011;160818;XLH;160817;BSH a 03
161590;M;DK Snugglebugs Rag;GRX n;16-12-2007;FD RX 154012;134793;GRX d 24;119179;XSH a 25
162238;F;IDP*Naked Ones Belle;SPH w;...;FHK KH 2003-78 K1;162236;SPH a 09;162235;XSH
162299;F;Goriakis Taito;SPH f 09 33;...;(BE)BKKV 011-0203;162297;SPH n 09 21;162298;XSH
162618;F;Talamasca's Even Deeper;DRX ns;...;(SE)SNRF DRX 5606 K3;162611;XLH a;162617;DRX n 09 32
166052;M;Goriakis On-Line;SPH d 09 21;...;BKKV 036-0903;162297;SPH n 09 21;162298;XSH
167556;F;S*Wild Things Aini;DRX ns 24;23-10-2001;(S)SVERAK RX 176468;137080;DRX n;167554;XSH ns 24
172484;F;Assuris Art-Pedelsson;XSH c 33;...;BBFB 016/4.4;172482;XSH b 33;172483;XSH c 21
172492;M;Coblin Gato-Balchis*LT;XSH b 33;...;WCF PL SKR RX 0116;172491;XSH d 21;172484;XSH c 33
172493;F;Ashti Dea Merkaba*PL;PEB c;19-04-2010;(DK)FD RX 201020 RR;172492;XSH b 33;172488;PEB n
172777;M;Skogshöjdens Sancho San;SBI n;09-05-2003;(SE)SVERAK RX 189566;172775;SBI n;172776;XLH n 09
172780;F;Skogshöjdens Nanna Tabbyline;SBI a 21;03-03-2002;(SE)SVERAK RX 178963;172778;SBI a;172779;XLH n 09 22
173488;F;Dione Hindkjaer Rubelit, CZ;OCI n 24;22-06-2010;(DK)FD RX 201637 RR;173487;XSH n 24;173481;OCI b 24
174356;F;S*Raus Höjden's Saga;SBI a 21;16-04-2005;(S)SVERAK RX 210453;174354;SBI n 21;174355;XLH b
174520;M;S*Bonfamille's Greven af Monte;SBI d 21;09-12-2002;(SE)SVERAK RX 187044;174519;XLH n;174515;SBI h 21
179506;F;Los Mejores Luca Levke;RAG n 21;20-05-2011;(DK)FD RX 205605(RR);179495;RAG n 04;179505;XLH b 21 33
179673;M;DK Liljebacken Shine of Happy Time;SBI a;18-07-2011;(DK)FD RX 205727(RR);179672;XLH a 21;148439;SBI c
180164;F;Sabrina's Goldy;BSH e;19-08-2009;(DK)FD RX 206067 (RR);180154;XLH e 03;180163;BSH g
180411;F;Chara la Reinette;DRX n 21 32;...;(NL)UN.R06.DRX.027.4;180409;DRX n 03 23;180410;XSH n
180547;M;Casper von Schusters-Städtchen;BSH b;...;KVL-01-008303/2007-m;180543;BSH o;180544;XLH n 33
180640;F;Chosenhill Fiona;SBI g;...;GCCF CSREF 526583;180645;SBI a;181961;XLH d 09 33
181426;F;DevilsHaircut Amiga;SPH f 21;04-03-2010;(DK)FD RX 206835 (RR);190963;SPH n 09 21 32;181425;XSH f 21
181959;F;Chosenhills Bluducati Sky;SBI a;08-08-2008;GCCF CS REF 724826;180642;XLH a 09 33;180640;SBI g
181961;F;Chosenhills Rusty Snowball;XLH d 09 33;...;GCCF CS REF 468474;195558;XLH e 09;195559;XLH f 09 33
182290;M;Bruno of Neytiri;DSP n 03 21;10-06-2011;(DK)FD RX 208411 (RR);183555;DSP n 09;183560;XSH a 09 21
186848;F;Felicia af Misapotanien;BML bs 12 31;15-07-2012;(DK)FD RX 211351(RR);174281;XSH ns 11 31;126845;BML ns 11
186850;F;Feodora af Misapotanien;BML ns 11 31;15-07-2012;(DK)FD RX 211353;174281;XSH ns 11 31;126845;BML ns 11
187654;M;DK Liljebacken Shine of Luck;SBI a 21;18-07-2011;(SE)SVERAK RX 279600 RR;179672;XLH a 21;148439;SBI c
187655;F;Trollehöjds Venus;SBI n;06-04-2012;(DK)FD RX 211836 (RR);187378;XLH n 33;150369;SBI c
187894;F;Willow of British Castle;XSH b;08-07-2010;1FCC BRI 220956064392;187893;XSH n;187892;XLH b
188323;F;Goriakis Bayan Gulay;SPH f 09 32;...;(BE)BKKV 019-0402;107840;SPH a 09 21;162298;XSH
188694;F;NL*Navayana's Candy Girl;SBI b;13-07-2012;(DK)FD RX 212398;188693;XLH n 21 33;188525;SBI c 21
189112;M;DK All-Saints Vinzent;BML ns 11 31;29-10-2012;(DK)FD RX 212687 (RR);178126;BML ns 11 31;170352;XSH fs 11 31
189113;M;DK All-Saints Valentin;BML ns 11 31;29-10-2012;(DK)FD RX 212688 (RR);178126;BML ns 11 31;170352;XSH fs 11 31
189114;F;DK All-Saints Valeri;BML fs 11 31;29-10-2012;(DK)FD RX 212689 (RR);178126;BML ns 11 31;170352;XSH fs 11 31
189379;M;Trollehöjds Merkurius;SBI n;06-04-2012;(DK)FD RX 212800 (RR);187378;XLH n 33;150369;SBI c
189818;F;Coldenufforsnow Claviere;SNO a 05;...;GCCF CS REF 569086;196078;XSH a 09 33;196077;SNO a 05
190979;M;Devils Haircut Talk About Amen;SPH d;04-03-2010;(DK)FD RX 213788(RR);190963;SPH n 09 21 32;181425;XSH f 21
191434;M;DK Wehnert's Peter Kaiser;EUR n 22;01-04-2013;(DK)FD RX 214021(RR);186412;EUR n 22;187482;XSH ns 22
191435;M;DK Wehnert's Polle;EUR n 22;01-04-2013;(DK)FD RX 214022(RR);186412;EUR n 22;187482;XSH ns 22
191436;M;DK Wehnert's Peter Plys;EUR ns 22;01-04-2013;(DK)FD RX 214023(RR);186412;EUR n 22;187482;XSH ns 22
191437;M;DK Wehnert's Pixel;EUR as 22;01-04-2013;(DK)FD RX 214024(RR);186412;EUR n 22;187482;XSH ns 22
191438;F;DK Wehnert's Miss Prada;EUR ns 22;01-04-2013;(DK)FD RX 214025(RR);186412;EUR n 22;187482;XSH ns 22
194044;M;Roemah Koetjing Silver Simba;BML ns 11;...;(NL)FE.R05.BML.001.1;160354;XSH ns 11;209349;BML cs 11
197238;M;RU*Moon Pet Paco Rabanne;SPH a 31;...;(LV)CFCA RX 887;197235;SPH a 32;197237;XSH a 23
198243;F;DK Wehnert's Rosita;EUR fs 22;25-02-2014;(DK)FD RX 218170(RR);186826;EUR ds 22;187482;XSH ns 22
198244;F;DK Wehnert's Regina;EUR fs 22;25-02-2014;(DK)FD RX 218171(RR);186826;EUR ds 22;187482;XSH ns 22
198245;F;DK Wehnert's Ruby Tuesday;EUR fs 22;25-02-2014;(DK)FD RX 218172(RR);186826;EUR ds 22;187482;XSH ns 22
202743;F;D*Disney vom Kupferstich;BSH d 03;...;KVL 01-019-4872-011w;200487;BSH e 03;168095;XLH f 02
204083;M;S*Litherna's Nallebjörn;SBI b;05-04-2008;(SE)SVERAK RX 244092;204081;XLH b 21 33;204078;SBI b
204084;M;S*Xenti's Royal Scandal;SBI b;19-06-2010;(SE)SVERAK RX 270866 RR;204083;SBI b;204082;XLH c 33
204085;F;Trollehöjds Jupiter;SBI n;06-04-2012;(SE)SVERAK RX 289432 RR;187378;XLH n 33;150369;SBI c
204088;M;Trollehöjds Du May;SBI n;30-04-2013;(SE)SVERAK RX 316435 RR;187654;SBI a 21;204087;XLH n 33
205811;M;Ayshazen Aceof Diamonds;BUR a;13-10-2013;(FI)SK RX 1506806;205805;BUR c;205810;XSH n 32
206252;F;DK Liljebacken Söta Grace;SBI n;06-02-2012;(SE)SVERAK RX 286511 RR;187378;XLH n 33;144948;SBI n
206253;F;NL*Navayana's Baby Doll;SBI n;25-05-2012;(SE)SVERAK RX 295610 RR;188693;XLH n 21 33;171114;SBI n
207939;M;Roemah Keotjing Silver Flame;BML ds 11;...;(CZ)CSCH RX 14/8/BML;168779;BML ns 11;207938;XSH d
208073;M;Lattedolls Sponge Bob;XLH b 03;...;TICA B3N 061905 058;208071;XLH n 03;208072;XLH ns 03
208130;M;Dollnouveau Qaizar;RAG x p 04;05-04-2014;(DK)FD RX 223579 (RR);208074;XLH d 03 23;208069;RAG c
208241;F;Liza du Madison cat's;BML ns 11;12-06-2015;(DK)FD RX 223641 (RR);206976;XSH ns 11;196745;BML as 11
208270;M;Alengosh Marseilles;BSH ns 11;17-11-2014;(DK)FD RX 223642 (RR);208262;BSH ns 12;208269;XSH ns 25
211284;F;Curly Pandora van Brifety;SRS o;25-09-2010;(DK)FD RX 225373 RR;208730;SRS c 33;211283;XSH b
212834;M;Trollehöjds Walking in Sunshine;SBI n 21;17-05-2016;(DK)FD RX 226108 RR;212833;XLH n 21 33;204086;SBI c
212835;F;Trollehöjds Walking in Daylight;SBI n;17-05-2016;(DK)FD RX 226109 RR;212833;XLH n 21 33;204086;SBI c
