550;M;Shwechinthe Topaz;SBI b;...;GCCF EX 65502;4246;XLH n 33;4131;XLH b 33
629;F;Lapje de Broeckloni;EXO f 03;...;MU.R85.EX.003.1;10176;PER n 03;3223;BSH d 24
910;M;Carouso la Margaretha;PER e 33;...;1.DEKZV LO 035779;3975;PER d 33;7181;SBI f
1068;F;Fairygarden's Bacardi;NFO g 24;...;CFA 1789-152978 V0684;6983;MCO a;8982;MCO g 22
2025;F;Cherrywood Blodwyn;BSH f;...;GCCF OSSR 182097;;;120059;PER f
2115;M;Forestsprite's Andy;MCO d 22;...;CFA 1740-205592 V0785;7796;MCO n;1068;NFO g 24
5502;F;Shwechinthe Cabora;SBI b;...;GCCF EX 063552;4246;XLH n 33;4131;XLH b 33
8281;F;Ariadne v. Ayudhya;RUS;...;1.DEKZV EXP 1195;4565;RUS;8279;SIA a
8340;M;Arkens Sylvester;ABY ns;...;NRR RX 764;8532;XSH s;8838;XSH s
8386;M;Tyeremilito's E-Sarwankumar;BSH ns 22 64;...;NLKV 89.8822;7621;PER ns 24 64;38773;XSH ns 22 64
8841;F;Arkens Nøsse;ABY ns;...;NRR RX 660;4907;XSH s;8840;XSH s
11997;M;Sinh Faffa af Silverbäcken;SBI a;...;SVERAK LO 18214;4525;SBI a;5351;PER a 33
12714;F;Maya Kalinka;BSH ns 11;...;FD RX 4737;1951;PER ns 12;2906;XSH ns 24
16050;M;Benson van Sheba's Adiba;BSH ns 22;...;MU.R81.EK.NL.06;16049;BSH ns 24;2613;AMS non a 22
17098;F;Scintilla Pot Pourri;OSH f 03 24;...;CA RX 85022104;17069;SIA c;17070;PER f 03
19866;M;Zureiga Chocolate Galaxy;CRX bs;...;NRR RX 1093;18277;CRX bs;19865;PER as
20295;F;Maya Celia;BSH ns 11;02-10-1986;FD RX 5170;1951;PER ns 12;2906;XSH ns 24
20583;F;Thamakan Silver Linet;BML ns 11;19-07-1989;FD RX REG 1363;15619;BUR n;16076;BML ns 11
20786;F;Scintilla Pied Piper;OSH n 03;...;CA RX 85022103;17069;SIA c;17070;PER f 03
21195;F;Rikki v. Mägdebrunnen;SBI f;...;1.DEKZV LO 154322;21194;PER d 33;21181;SBI n
21549;F;Thamakan Silver Hebe;BML ns 11;23-06-1988;FD RX REG 1258;15619;BUR n;61734;PER ns 12
21791;F;Balkash Cassandra;PER cs 22 62;...;GCCF NS 215769;21788;DRX d 21 33;6967;DRX ns
21792;M;Clanclinton Clarino;DRX b 33;...;SVERAK LO 91400;18807;DRX d 21 33;21791;PER cs 22 62
23056;F;Jetje van Candacé;BSH e;...;FE.L80.EK.NL.28;2224;SOM os;23055;BSH e
24707;M;Tanglefoot Nicholas Thomas;BML ns 11;...;CA RX 85082908;15998;PER ns 12;24706;BUR n
31409;F;Thamakan Silver Artemis;BML ns 11;...;FD RX REG 1030;3318;PER ns 12;15122;BUR c
31783;M;Thamakan Silver Ginger;BML ds 11;15-12-1993;FD RX REG 1717;29427;BML ns 11;31782;BUR h
34137;M;Thamakan Silver Louis;BML as 11;19-07-1989;FD RX REG 1360;15619;BUR n;16076;BML ns 11
34530;F;Maya Hermina;BSH ns 11;18-05-1986;FD RX 5091;3318;PER ns 12;2906;XSH ns 24
35427;F;Millwood My-Thai;BEN n 24;08-05-1984;TICA A1T 050884 019;;;35426;MAU n 24
35647;M;Thamakan Silver Miguel;BML ns 11;20-07-1989;FD RX REG 1365;15619;BUR n;19876;BML bs 11
35954;M;DK Hagsten's Bob Barnemad;NFO a;12-04-1994;FD LO 75944;45870;NFO n;40895;PER n
36139;F;Thamakan Silver Domique;BML ns 11;12-12-1993;FD RX REG 1716;4593;BUR b;30858;BML ns 11
38705;F;Yasmine Little Surprice van Landsheer;PER g;...;NCT A920075;41914;BSH e;38712;PER g 33
46037;M;DK No Name's Arcimedes "Ib";PER d 03;31-05-1996;FD LO 86269;20842;RUS;36310;PER f
46105;M;Thamakan Silver Glenn;BML ns 11;15-12-1993;FD RX REG 1718;29427;BML ns 11;31782;BUR h
46938;F;Schibboleth's Sweet Exotic Belinda;EXO n 22;...;NRR RX 106825;46972;EXO n 22;64757;BSH ns 22
46973;M;Tchamina's Dimple;BSH ns 22;...;NRR RX 518;8533;EUR ns 22;789;PER ns 22 64
54339;F;Eat this de Broeckloni;BSH ns 22 64;...;MU.R95.BRI.045.5;54338;AMS non ns 22;54330;BSH ns 22 64
55769;F;Maya Rosmarin;EXO ns 11;08-07-1988;FD RX 5851;1951;PER ns 12;20295;BSH ns 11
59128;M;Grandpaws Pistol Pete;SPH a 09 21;09-03-1990;TICA AOT 030990 011;71871;SPH n 09 21;72956;DRX f
59135;F;Z Stardust Winnie Rinkle of Rinkurl;SPH f 21;06-07-1986;TICA A2T 070686 002;59123;DRX d 24;59124;SPH a 21
59139;F;Rinkurl Miriam of Apophis;SPH n 21;19-04-1992;TICA AOT 041992 025;59137;SPH a 21;59138;AMS non f 22
60437;F;Millwood Cajun Queen of Gogees;BEN n 24;28-02-1987;TICA A3T 022887 010;60430;BEN n 24;60434;MAU n 24
60814;M;Azrael de Broeckloni;BSH ns 22 64;...;MU.L95.BRI.044.1;54338;AMS non ns 22;60813;BSH ns 22
60816;M;Robin Hood de Broeckloni;BSH ns 22;...;MU.L94.BRI.053.1;54338;AMS non ns 22;60815;BSH ns 24 64
61654;F;Premas Chuslakoo;SBI n;...;GCCF CSSR 027596;12724;BSH c;61652;SBI n
62210;F;Echowood Bambette;BEN n 24;24-02-1988;TICA AOT 022488 015;33551;BEN n 24;62209;MAU n 24
65533;F;Thamakan Silver Desirée;BML bs 11;05-10-1993;FD RX REG 1700;12850;BML bs 11;10772;BUR n
67068;F;Echowood Zambezi Zinnia;BEN n 24;10-10-1988;TICA AOT 101088 009;33551;BEN n 24;62209;MAU n 24
67968;F;Rendale's Calypso of Kimoci;OCI x n;...;CFA 0203-361898 V1187;67967;OCI ns 24;51174;ABY n
69568;M;Desertrose D Oro of Bengalore;BEN n 24;...;GCCF CSREF 275896;69890;BEN n 24;69567;SPH x
69578;F;Esmyralda van Ortisei;BOM non n;...;VKS 8312-95K;59116;ASS non;69577;BUR n
69595;M;Darja-e-nur's Brillant;...;...;1.DEKZV LO 124807;17528;EXO a;69594;EXO fs
69892;F;Lionsmountain Beatrice;BEN n 24;27-08-1988;TICA A3T 082788 002;69890;BEN n 24;69891;ABY o
69910;M;Echowood Golden Boy of Belltown;BEN n 24;27-10-1989;TICA AOT 102789 013;33551;BEN n 24;62209;MAU n 24
71870;F;Rinkurl Zepporiah;SPH n 22;19-04-1992;TICA AOT 041992 021;59137;SPH a 21;59138;AMS non f 22
71875;M;Djentle Djoj of Gargoyles;SPH n 09;28-06-1990;TICA A3T 062890 006;14887;SPH n 09;71874;DRX n 09
72947;M;Djentle Djuno of Hippocrates;SPH n;28-06-1990;TICA AOT 062890 003;14887;SPH n 09;71874;DRX n 09
72953;F;Britanya's Nephthuys of Hippocrates;SPH w;19-03-1990;TICA B2T 031990 002;72952;DRX w;72954;...
72957;F;Grandpaws Blueberry of Anubis;SPH a;...;BKV 050002434;71871;SPH n 09 21;72956;DRX f
72961;M;Adhuish Horus;SPH n 09;...;GCCF CSREF 146532;35370;DRX d 22;69573;SPH n 09
76143;M;Gazzella Merlin;BML as 11;...;CA RX 95121300;76141;BML ns 11;76142;BUR g
76147;F;GB*Astahazy Larissa;BML ns 11;...;CA RX 84040211;24713;PER ns 12;24714;BUR a
76154;F;Brandywell Florida;BML ns 11;...;CA RX 92083002;40621;BUR n;76153;BML ns 12
78549;F;B-Vashti;BML bs 11;...;CA RX 91081434;21297;BML ns 12;78548;BUR n
78550;F;GB*Kartush Cyberleh;BML bs 11;...;CA RX 91012932;57128;BUR b;21293;BML ns 12
82336;M;DK Paludan's Rasmus;BSH b;19-09-2000;FD RX 14706;52123;BML ns 11;41278;BSH ns 24 62
82337;F;DK Paludan's Pusle;BSH n 24;19-09-2000;FD RX 14707;52123;BML ns 11;41278;BSH ns 24 62
82338;M;DK Paludan's Zimba;BSH b 24;19-09-2000;FD RX 14708;52123;BML ns 11;41278;BSH ns 24 62
83374;F;Elca of The Talking Cats;...;...;MMOE LO 944222;26023;SIA e 21;83373;OSH c 24
86877;F;Santja ot Snjeschinotschka;SIB f 22;20-05-1997;AKRM 27/110-001w-97;86875;SIB a 09;86876;MCO ds 22
87886;M;Golden Aljoscha von der Kraepelinburg;BSH ny 22;...;WCF DE 25835 RIEX;90623;EXO ny 22;90624;PER ny 11
88548;M;Tyeremilito's Wladimir;BSH ns 24 64;...;GdK 964195.0;88546;EXO ns 23 62;88547;XLH
90029;M;Dan-Ar-Braz de Mainrita;...;08-02-1996;FFF LO 77506;46171;MCO n 22;89790;MCO n 22
90211;F;Strathkirk's Purrsephone of Horizons';BML ns 11;...;CCA BM3721B4-15617F1;90209;BML ns 11;90210;BUR f
90213;M;Zeus;BML x bs;...;CCA BM38C3-16109F1;90228;BUR b;90212;BML x ns
90217;F;Horizons' Rumina;BML ns 11;...;CCA BM3721B4-22152F1;90214;BML ns 11;90216;BUR g
90219;M;Horizons' Orion;BML x ds 12;...;CCA BM10D3-15994F1;90220;PER ns 12;90208;BUR e
90222;M;Horizons' Daedalous;BML ns 11;...;CCA BM21X3-17578F1;90219;BML x ds 12;90221;BUR h
90223;M;Strathkirk's Hercules;BML bs 11;...;CCA BM3821B3-15612;90209;BML ns 11;90227;BUR c
90224;F;Horizons' Demetre of Strathkirk;BML x ns;...;CCA BM37C4-16108F1;90228;BUR b;90212;BML x ns
90688;F;Pollewop de Broeckloni;BSH ns 22 64;...;MU.L94.BRI.053.4;54338;AMS non ns 22;60815;BSH ns 24 64
91129;M;Lonerock Ice Cream of Starliterags;RAG e 04;29-09-1994;TICA AOT 092994 029;91125;RAG c 03;91126;PER f 33
91134;M;Villaroyal Herman;RAG e 04;23-04-1993;TICA AOT 042393 040;74989;RAG a 03;91133;PER e 33
91295;M;Bemisu's Sitbuzek;SPH n;24-10-1994;TICA AOT 102494 006;61446;SPH n 09 21;91293;DRX j
91312;F;Hippocrates' Trolls Trinket;DRX w 62;03-03-1991;TICA AOT 030391 012;91307;SPH w 63;91308;DRX d 09 23
91313;F;Foxwellhall Endymion;SPH w 61;11-11-1992;TICA AOT 111192 006;91311;SPH n 21;91312;DRX w 62
91885;F;Hindmarsh Silva Ophelia;BML ns 11;...;CCCA NSWCFA (N) SR2534 GEN1;91886;PER ns 12;91879;BUR a
91889;M;Hindmarsh Silva Liam;BML ns 11;...;CCCA NSWCFA (N) 2499 GEN1;91890;PER ns 12;91885;BML ns 11
95788;F;Konja von Arlesbrunnen;MCO n 09 22;...;Kat ID: 247558;39271;NFO n 09 22;26055;NFO n 22
98478;F;Tricolore Wildebras;BSH g 03;...;NKFV RVT 86.734;74188;BSH e;99399;SFS non a 09 7
99071;F;Sofietje Wildebras;BSH g 03;...;AICC 04003282;81922;BSH e;99399;SFS non a 09 7
103365;M;Djentle Djazzex of Jokatta;SPH a 09;28-06-1990;TICA A3T 062890 004;14887;SPH n 09;71874;DRX n 09
103369;F;Foo Man Shoo of Katzamuck;SPH a 09;11-06-1993;TICA A3T 061193 026;103367;SPH a 09;103368;DRX g
103930;M;Desertwest Naked Gun;SPH n 09;17-09-1994;TICA AOT 091794 017;103360;SPH n 09;103925;DRX b 09 22
104322;F;Eeyaa's Silver Salt;BEN x ns 24;12-06-1996;TICA AON 061396 042;75924;BEN n 24;104324;AMS non ns 22
110890;F;Cenaida's Lilly Wild Look;MCO n 22;27-05-1998;(DE)TCC MC 270598 04;110888;MCO n 22;104340;BEN n 24
113225;M;Exoty-Rex v. Batu;GRX a 24;...;BPK 421/T EXP;113223;XSH d 25;113224;XLH n 09
113553;M;European Star's Barbarossa;GRX d 24;...;1.DEKZV RX 295848;113550;XSH n 23;113552;XSH d 24
118113;F;Molly 04-121;MCO f 09 23;15-10-2004;FD LO 131696;79496;NFO d;106675;NFO as 09 22
118172;F;Tartuffe's Aristochatte;DRX f 33;...;1.DEKZV 274294;118170;DRX n 33;118171;EUR f
118912;F;Am Arogue Byname;SPH ns 09 21;...;(SE)SNRF SH 488 K;72961;SPH n 09;119759;DRX fs 21
119170;F;Saxonys-Charlotta v. Batu;GRX n;27-03-2001;SRK RX 23084;116674;XSH a 03;116869;XSH n
119320;M;Bronislav;PEB n 21 33;...;TARC CBA-635-PD/EXP;119310;XSH n 23;;
120061;F;Barons Beauty;BSH e;...;GCCF SRNS 24806;1917;PER e;;
125239;F;Bermuda de Broeckloni;BSH ns 22 64;...;MU.R02.BRI.002.1;87890;BSH ns 22;126019;AMS non ns 22
128822;M;Bodyguard von Begrow;EXO es 03;...;DRV 041279-LH;163209;PEB e 33;128821;EXO e 03
129334;M;Malsome Prizeguy;BSH p;...;GCCF CSEXP 522613;129330;BSH n;109590;BEN n 24 33
129999;M;Quercus Roderick Random;BML ns 11;...;GCCF CSSR 403764 NBSR 672;129997;PER ns 12;129998;BUR a
130008;M;Horizons Pollux;BML ns 11 31;25-04-2005;FD RX 139472;129996;BUR e;130007;BML x fs 11
133324;F;Yeni Raki's Bela Van;TUV f 21 62;03-12-2001;(SE)SVERAK RX 181152;114144;TUV a 62;108181;TUA w 62
134790;F;Moorteich's Anna;EUR d 24;05-06-1999;CFA CFG 0893-05069902576;134788;GRX d 24;134789;EUR w 62
134791;F;Moorteich's Diana;GRX d 24;04-06-2001;CFA CFG 0941SGRX-04060102578;134788;GRX d 24;134790;EUR d 24
135637;M;Batist iz Losinogo Ostrova;SIB ns 22;...;E 030/94/Sib;135635;EUR ns 23;135636;SIB ny 23
137223;M;Cycada Prime Suspect;DRX ds 09 21 3;...;GCCF CSSR 382209;165609;SRS n;165610;DRX fs 22
137379;F;DK Snugglebugs Francine;MCO ns 21;06-09-2006;FD RX 144428;134793;GRX d 24;119179;XSH a 25
137801;F;DK Jojisiko's Duchesse;CRX a 21;09-11-2006;FD RX 144787;130577;XSH bs 22 64;119351;BSH c 33
137802;M;DK Jojisiko's Duke;CRX a 21;09-11-2006;FD RX 144788;130577;XSH bs 22 64;119351;BSH c 33
137804;M;DK Jojisiko's Drommerboy;EXO g 01 62;09-11-2006;FD RX 144790;130577;XSH bs 22 64;119351;BSH c 33
139199;F;DK Yeoman Godiva the Glamorous;NFO x o 09 24;09-02-2007;FD LO 145801;117681;CRX n 09;119602;CRX g 24
139728;F;Chuba Chups the Frizzled Frolic;GRX n;...;WCF SCC 99-1170R;139727;XSH n;116869;XSH n
141726;F;DK Imagicat's Umbra;SBI b;11-05-2007;FD LO 147937;86190;SBI n;81174;BSH a
144484;M;Gentleman von Achor;...;...;FFH LO 52918;55352;SBI a;71611;SBI n
144485;F;Galaxia von Achor;...;...;FFH LO 52916;55352;SBI a;74072;SBI h 21
144529;M;Ganimed of Diamond Hill;...;...;FBK MC 697;96250;MCO a 09 22;96256;MCO n 22
145725;F;Ute Sibri-rou, CZ;SBI n;...;CSCH RX 13/99/SIB;36950;SIB n 23;145723;SIB n 09 21
145727;F;Hanny De-Sedlak, CZ;SIB ns 24;...;CSCH LO 15/1/SIB;145726;SIB ns 23;145725;SBI n
150990;F;Yaheska Onapromise;NFO fs 22;...;GCCF CS 613128;143016;MCO es 09 22;150989;MCO ns 22
150995;F;Lynxelot Julia Donna;MCO gs 22;...;GCCF CS 682662;150994;MCO a 22;150990;NFO fs 22
157607;F;DK LochLoyal's One and Only;NFO fs 02;03-06-2007;FD RX 152064;130577;XSH bs 22 64;70291;BSH ns 22 64
157609;M;DK LochLoyal's O'Malley;NFO fs 02;03-06-2007;FD RX 152066;130577;XSH bs 22 64;70291;BSH ns 22 64
157770;M;DK Noer's Tawny;BML fs 11;14-04-2007;FD RX 152181;130577;XSH bs 22 64;126350;BSH ny 24
157771;M;DK Noer's Mads Mikkelsen;CRX g 21 33;14-04-2007;FD RX 152182;130577;XSH bs 22 64;126350;BSH ny 24
157876;M;DK Spilloppen Chang;SIB gs;29-05-2007;FD RX 152370;113097;BSH n 22;88200;BSH f 03
157889;F;Manu af Tokkeløkkehus DK;RAG e 21;08-06-2007;FD LO 152383;133464;CRX a 23;129302;CRX d 03
157903;F;Sphinx Pussy Galore;OSH f 23;10-04-2007;FD LO 152397;114920;OSH d 24;158009;MCO ns 01
157904;F;Sphinx Tiffany Case, JW;OSH g 24;10-04-2007;FD LO 152398;114920;OSH d 24;158009;MCO ns 01
157932;F;DK Noer's Chokolade beauty;CRX n 09 21 33;14-04-2007;FD RX 152186;130577;XSH bs 22 64;126350;BSH ny 24
157933;F;DK Noer's golden delight;OLH x w 63;14-04-2007;FD RX 152187;130577;XSH bs 22 64;126350;BSH ny 24
158009;F;Sphinx Vesper Lynd;MCO ns 01;05-05-2006;FD RX 152244;114919;OSH ns 24;88735;OSH j 24
158010;F;Sphinx White Cloud;MCO ns 01;05-05-2006;FD RX 152245;114919;OSH ns 24;88735;OSH j 24
158042;M;Uffizi's Good To Go;...;27-01-2000;CFA 0360-1299354 V0601;67124;ABY p;102312;ABY n
158443;F;DK Balihai's Sir Winston;MCO e 02 22;01-07-2007;FD LO 152541;100595;PER d 03 22;133547;EXO gs 02 21 6
158474;M;(N)Bobo's Varg Veum;NFO e 02 21;15-08-2007;FD LO 152570;133464;CRX a 23;158472;CRX n 09 33
158567;F;Nö-Hei's Timea on Snowshoes;NFO nts 22;...;WACC RVDE 01020596 RIEX;158569;SBI n;158590;NFO nts 22
158568;M;Nö-Hei's Cäsar on Snowshoes;NFO nts 22;...;WACC RVDE 01022519 RIEX;158569;SBI n;158567;NFO nts 22
158584;F;Coldenufforsnow Elmau;NFO nts 22;...;GB CA RX 00064413;158577;SIA b;158583;BSH x
158585;F;Coldenufforsnow Mottaret;SIB f 03 23;...;GB CA RX 01094407;158582;RAG n 03;158584;NFO nts 22
158587;M;Elton vom Friedewald;SIB f 03 23;...;WACC RVDE 01024000 RIEX;158568;NFO nts 22;158578;SIB f 03 23
158849;M;Voltan de Memam Chao Phraya;ACL a;...;CFB 05/20050017;158299;SIA c;158844;OSH n 03 24
158982;F;DK Mischek Charade;ACL ns 11;25-07-2007;FD LO 152902;158981;DRX n 03;111190;DRX f 24
158986;M;DK Mischek Casanova;NFO as 03;25-07-2007;FD LO 152906;158981;DRX n 03;111190;DRX f 24
158987;M;DK Mischek Columbine;TUA n 02 22;25-07-2007;FD LO 152907;158981;DRX n 03;111190;DRX f 24
159060;M;DK Calico Moon's Summer Sun;NFO nt 03 24;28-07-2007;FD RX 152962;136777;SRS c 33;134881;SRS g 33
159122;F;Don Cats Danjelle;SPH n;01-03-1999;(NL)VKS 0401-99L;107832;SPH n;159121;NFO g 03 22
159259;M;Jengari Paddy O'Malley;SRS d;...;GCCFV 03GC20089;159249;NFO es 01;159250;BSH g
159260;F;Oaktree Contessa;NFO es 03 24;...;GCCFV 4711-1316917GC03;159251;EXO es;159252;NFO es 09 21
159266;M;Jengari Amaretto;NFO ns 02 23;...;GCCFV 03GC20555;159259;SRS d;159260;NFO es 03 24
159270;M;Jengari Lakota White Cloud;RAG h 21;29-09-2004;SVERAK RX 207981;159266;NFO ns 02 23;159267;BSH w 62
159271;F;S*Bamsekattens Isadora;NFO es 02;24-11-2005;SVERAK RX 216080;159268;BSH a;159269;BSH g
159360;F;DK Yeoman HipHip Hurra of Winfaye;MCO ds 24;24-08-2007;FD LO 153061;158967;CRX e 03;119150;CRX n 01
159557;F;Chalounja Kurilkot;SIB fy 09 24;06-03-2007;FD RX 153416;159556;KBL ns 24;159555;KBL ds 03 23
159633;M;Nefertiti Nadjar of Clos Des Orchides;MCO fs 02;...;SCFF 19384;107842;SPH n;107843;SPH n 09 21
159643;M;DK Pasht's O'lala L'ear Pomme-Frites;SIB n 24;26-06-2007;FD RX 153132;159642;BSH d 22;91218;SFS non w 62 7
159644;F;DK Pasht's Ofelia L'eary;SIB fs 22;26-06-2007;FD RX 153133;159642;BSH d 22;91218;SFS non w 62 7
159659;F;Darleen of Sunnyland;SIB ns 03 23;...;RVDE RX 01043696;159461;SRS ns 11;159455;BSH g 03
159660;M;Katrin's Curly Delphi;SRS a;29-03-2006;SVERAK RX 234353;159658;SRL a 03;159659;SIB ns 03 23
159670;M;Rexclusive's Ziggy of Mewzakatami;CRX n 01 33;21-08-1996;CFA 0990-1232604 V0700;123605;CRX ns;159667;SIB as 03
159686;F;Nora del Iris;TUA a 09 22;...;(RU)HK-157/06-PBD;159683;PEB b;159684;PEB g
159687;F;Honda del Iris;PEB b 21 33;07-02-2005;(RU)HK-158/06-PBD;159685;PEB b 21 33;159686;TUA a 09 22
159695;F;Yashma Black;PER n;...;(RU)HK-E/170/03-PBD;159691;PEB n 21 33;159692;PEB j
159697;F;Alvina del Iris;PEB a 33;...;(RU)HK-165/06-PBD;159678;PEB c 33;159695;PER n
159701;F;Ariella v. Hause Krippner;TUA ds 09 21;...;1.DEKZV RX 300858;159248;DRX n 09 22;159699;TUA ds 09 21
159702;M;European Star's Dino T-Rex;ACL as 22;...;1.DEKZV RX 305844;113553;GRX d 24;159701;TUA ds 09 21
159703;F;Happy-Rex v.d. Katzentreppen;ACL n 33;...;1.DEKZV RX 309788;139724;XSH n 24 09;139735;GRX f
159704;M;European Star's Ekhart-Rex;GRX n;...;1.DEKZV RX 316957;159702;ACL as 22;159703;ACL n 33
159744;M;DK O Toyo's Bald Ziggi Stardust;ACL es 23;20-08-2007;FD LO 153166;99963;SPH d;159742;SPH f 09
159764;M;European Star's Impact;ACL w;18-04-2007;FD RX 153186;159704;GRX n;159705;GRX g 25
159765;F;Nö-Hei's Belle on Snowshoes;NFO nts 22;...;WACC RVDE 01020972 RIEX;158586;SBI e 21;158567;NFO nts 22
159766;F;Mollie vom Friedewald;NFO e 09 25;...;WACC RVDE 01047025 RIEX;158576;SIB fs 03;159765;NFO nts 22
159767;F;Cold Arctic Boots Cassandra;SIB es 24;11-09-2006;FD RX 153187;158588;SIB f 03 23;159766;NFO e 09 25
159858;M;Alosaka of Shaman's Desires;ACL fy 23;02-07-2006;LOS 06-23963;158849;ACL a;159854;OLH bs
159885;F;vDerAltenWeide Penelope;OLH g;07-06-2007;FD LO 153250;159858;ACL fy 23;159857;BAL g 21
159889;F;S*Auru-kittens Sencha;RAG h 21;28-04-2007;FD RX 153254;159270;RAG h 21;159271;NFO es 02
159921;F;Absolute Peppar Salsa;...;...;TICA SBT 072500 026;96280;ABY n;159920;ABY o
160060;F;Poky Paws Bonnie Blue;ACL n;28-07-1999;CFA 0919-1302971 V0502;160058;CRX ns 03;160059;CRX g
160061;M;Poky Paws Odysseus;CRX e;31-10-2001;CFA 0968-1397177 V1003;140763;CRX a 01;160060;ACL n
160102;F;E-Bellabonny-E Enigma Variations;BML as 11;...;ASFE LO 30125;160092;BML cs 11;160093;BUR g
160105;M;Brandywell Union Jack;BML es 11;...;CB CA RX 0011523;160096;BML bs 11;160108;ACL ds 22
160106;F;Brandywell Pineable Sunshine;BML bs 11;...;ECI 0400001;160098;BML bs 12;160099;BUR b
160108;F;K-Angelica;ACL ds 22;...;GB CA RX 9907404;160098;BML bs 12;160101;ACL g
160112;F;Brandywell Rainbow Rose;BML hs 11;...;ECI 0400032;160107;BML ns 11;160108;ACL ds 22
160113;M;Bellabonny-E Jumping Jack Flash;BML as 11;...;ECI 0500040;160109;BML bs 11;160110;BUR n
160189;F;Amusant Ariett Greta;ACL ns 22;...;004-037-92/KP;45389;CRX e 23;;
160191;F;Margarita Nika Feiruz;ACL a 22;...;FLNG RX 0601;160184;CRX a;160185;CRX n 24
160193;F;Silfida Eishaket*BY;CRX g 09;...;FLNG LO 3587;160188;CRX w;160189;ACL ns 22
160194;M;Onyx Scarlet Seil;ACL fs 22;...;FLNG LO 4765;160190;CRX d 09 33;160191;ACL a 22
160196;F;Fancy Fler Safiche*BY;CRX a 03;23-02-2007;FD LO 153358;160194;ACL fs 22;160195;CRX a 09 24
160197;M;Frinjet Elegans Safiche*BY;MCO fs 03 21;23-02-2007;FD LO 153359;160194;ACL fs 22;160195;CRX a 09 24
160237;F;S*Azoo Maximelle af Yum-Yum;MCO g 02;10-08-2007;FD LO 153385;119328;PEB n 33;108403;OSH fs
160240;M;S*Azoo Frost;ACL as 33;12-03-2007;FD RX 153387;160238;BAL w 67;126255;OLH o
160355;M;Roemah Koetjing Ozzy Osborne;BML x ny 11;...;CSCH RX 11/4/BML;160354;XSH ns 11;160353;ACL ds 22
160356;M;Bellabony-E Fleetwood Mac;ACL g;...;CSCH LO 1/2/BML;160092;BML cs 11;160093;BUR g
160358;F;Salome Silver Dee, CZ;ACL ns 24;...;CSCH RX 8/5/BML;160356;ACL g;160357;BML bs 11
160360;M;Xcuse Me, I Am Emil Dee, CZ;BML ns 11;...;CSCH RX 20/6/BML;160359;BML ns 11;160358;ACL ns 24
160370;F;Zora von Elfenfohren;BSH g;...;(DE)DRU 109479;112602;BSH c;160365;ACL f 23
160390;F;Rhapsodie Du Clos Des Orchides;SPH a;...;512 LLOC-Fe;159633;MCO fs 02;159632;SIB fs 09 23
160393;F;FIN*Friday Billie Jean;SPH d 09 32;...;(FIN)SRK RX 24689;160383;SIB e 01;160382;SPH f 09 32
160396;M;Kalif Uut Uune;SPH n;...;UN 102.SPH.063.1;160389;RAG g 03 21;159867;SPH n
160418;F;Getera;PEB n 21 33;...;(RUS)KTF 00222/03-PBD;160408;PEB n 21 33;160407;NFO gs 09 21
160421;M;Bruce Sant-Andre;DSP;...;(RUS)IPR4/99/00033;160414;NFO gs 24;160413;NFO gs 24
160422;F;Venera Feona;TUA n 24;...;(RUS)KTF 00160/02-PBD;160417;PEB e;160416;PEB b
160424;F;Nebetta Chudesnaya Koshka;TUA d 09 21;...;(RUS)PR-4/02/00024;160421;DSP;160420;PEB a
160425;F;Tamila of Natural Elegance;NFO gs 09 21;...;(RUS)IPR-4/03/00034;160423;PEB n 21 33;160422;TUA n 24
160426;M;Shango Natural Elegance;NFO gs 03;...;(RUS)IPR-2/04/00103;160307;OSH n 24;160424;TUA d 09 21
160465;F;Urssula de la Serena;SPH n 09 21;...;(FR)LOOF LO 2003.10741;160458;MCO fs 01;160457;SPH f 09
160471;F;(IND) Peaches Blue Belle;NFO fts 09 22;...;(N)NRR RX 143345;160468;SPH n 09 21;160467;SPH a 09 21
160473;F;(N)Lankhmar Amidala;SPH f 09;03-09-2006;FD RX 153425;160472;SPH d 09 21;160471;NFO fts 09 22
160561;M;S*Azoo Kreacher;NFO gs 09 21;05-05-2007;FD RX 153434;160427;NFO gs 09 21;134493;PEB b 21 33
160562;M;S*Azoo Dobby;NFO gs 09 21;05-05-2007;FD RX 153435;160427;NFO gs 09 21;134493;PEB b 21 33
160563;M;S*Azoo Griphook;TUV a 21 62;05-05-2007;FD RX 153436;160427;NFO gs 09 21;134493;PEB b 21 33
160564;M;S*Azoo Ragnok;PEB b 33;05-05-2007;FD RX 153437;160427;NFO gs 09 21;134493;PEB b 21 33
160565;M;S*Azoo Bogrod;PEB b;05-05-2007;FD RX 153438;160427;NFO gs 09 21;134493;PEB b 21 33
160666;F;Big Panther's Yanice;BSH ns 22 64;...;RCC 00056;160663;TUA fs 03 24;160664;BSH ns
160814;F;Zoe v Elfenfohren;ACL f 23;...;DRU 109477;112602;BSH c;160365;ACL f 23
160868;F;DK Sacala's Delta Delight;SIB fs 09 24;29-10-2007;FD LO 153598;132404;OLH n 23;126256;OLH b
161043;M;Karpfenpeifer MR Bean;SIB ns 09 21;...;AOP 070601 016;159459;SRL a;;
161052;F;Niet Wind Snow Lily;SIB gs 09 24;...;BPKK 002/3.5.3.-4;161047;SIB as 09 21;161046;MCO gs 01 21
161053;M;Niet Wind Golden Fleece;SIB ns 09 21;...;BPKK 001/3.5.3.-4;161049;SIB ds;161048;MCO n 01 21
161054;F;Insider Froni;ACL f 24;...;TIGA-AOP 052105 005;161051;PER n 22;161050;SIB e 09
161056;F;Curly Kiss My form Sham;SRL a;24-04-2007;FD RX 153639;161055;SIB as 09 21;161054;ACL f 24
161091;F;Yamasee Yatzy A3B Mahyong;EUR f;...;SVERAK RX 136018;39226;EUR d 22;161085;TUA fy 09 22
161127;F;Pamacs Socratina;SRL f;...;CFA 5747-1179598;134867;SRL d;160941;RAG h 21
161128;F;Pamacs People R Talkn of Berrycurl;SRL fs;...;CFA 5791-1385474;161121;TUA f 09 24;161120;SRL a
161130;F;Pamacs Smoke And Mirrors;...;...;CFA 5735-1423638;161124;SRL ns 33;161120;SRL a
161131;M;Pamacs Smoke Rings;...;...;CFA 5734-1385475;161121;TUA f 09 24;161120;SRL a
161132;F;Shadowoak's Hanna of Purrfectcurl;SRS f 03;...;CFA 4749-1311512;161126;PER e 03;161125;SIB es
161306;M;DK Arjuna's Aqua;SIB fs 09 24;09-11-2007;FD LO 153787;131721;OLH o;134114;OSH h 24
161402;F;DK Von Stolt's Baby Boo;ACL e 09 21;03-02-2008;FD LO 153867;123948;EXO d 02 62;124810;EXO a 02 62
161492;M;DK Uthsen's Rollo;SIB ny 09 23;08-02-2008;FD LO 153933;114216;SIA n;124819;SIA a 03
161622;F;DK Lesami's We Took The Chance;...;21-03-2008;FD LO 154044;135158;EXO d 22;86149;PER g 33
161638;M;Beethoven de Broeckloni;BSH ns 22 64;...;(NL)MU.R03.BRI.002.1;126021;BSH ns 22 64;161635;AMS non ns 22
161639;F;Bolivia de Broeckloni;BSH ns 22 64;...;(NL)MU.R04.BRI.001.1;161638;BSH ns 22 64;161635;AMS non ns 22
161781;F;FIN*D'manns Eyes;MAN f 53;21-02-2001;SRK RX 22893;161779;BSH c;161780;MAN f 09 51
161785;M;Wawe's Kappa B Askur II;SIB e 09 22;18-10-2006;FD LO 154121;161775;EUR n 24;102320;EUR es
161833;M;Woody aus der Mondburg;TUA f 03;...;WACC RVDE 01057766;127449;BSH x ns 21 33;161832;BSH h
161834;M;Valentin vom Ottenthal;BSH d 33;12-02-2007;FD RX 154166;161833;TUA f 03;161841;BSH d 33
161921;M;DK Calico Moon's Salvador Dali;NFO nt 03 24;11-03-2008;FD RX 154233;160949;SRS n;134881;SRS g 33
162010;F;DK O'Donnell ;;;;;;;
Mira;PER d 33;05-04-2008;FD LO 154293;112631;PER d 33;119006;PER f;;
162032;M;Blue Ludvig von Gørtz DK;SIB f 02;16-03-2008;FD LO 154315;160761;EXO ns 11;119533;EXO ns 11
162239;M;IDP*Naked Ones Kingler;SPH e 09;...;FHK KH 2003-52;118923;SPH a 09;162237;NFO at
162244;F;Tari;SPH n 22;...;DVDK LOB 25.411;133100;SPH n 09;162932;PEB j
162246;F;Laverton Addicted to Love;MCO fs 01;...;BCF 0904-024;133099;SPH n 09 21;162245;SPH f 09
162249;F;Naked-Surprise of Tropical Heat;SIB ns 02 21;...;AICC 04006393;126751;SPH a;126747;SPH n 09 21
162250;M;Kawai of Tropical Heat;SPH a 09;...;AICC 04006966;162248;SPH a 09;162249;SIB ns 02 21
162251;M;Laverton Blue Berry Blues;SIB ns 02 21;08-07-2005;(S)SVERAK LO 218203;162250;SPH a 09;162246;MCO fs 01
162252;F;S*Chenilleville's Ariane;SPH a 09 21;01-08-2006;FD LO 154474;162251;SIB ns 02 21;162242;SPH f 09
162291;F;Gai-Jin Makio;NFO es 03;...;NCT 2003-6180;162290;SPH a 03;162289;SPH n 21
162292;M;Zorro's van Eshida;SPH n;...;SNVK 04-11-037K;126752;SPH n;162291;NFO es 03
162525;F;DK Skuld Nord's Dísa;TUV a 21 61;13-05-2008;FD RX 154623;137150;DRX n 03 24;137231;DRX ns
162529;F;DK Skuld Nord's Drífa;NFO as 03;13-05-2008;FD RX 154627;137150;DRX n 03 24;137231;DRX ns
162551;F;FIN*Ballawhane Gindys-Banshee;MAN g 22 52;09-10-1998;SRK RX 20839;162348;...;161782;NFO a 01 21
162555;M;Minusdetails Rebel Without A Tail;MAN x d 09 22;...;CFA 3690-1004060 V0498;165832;SRS f 03;165833;SRS g 33
162556;F;Co-Mc Raven;MAN x n;...;CFA 0609-987377 V0696;165847;MAN x n;165848;BSH c 01
162565;F;Brerbit's Doo Themath of W'Stern;MAN x d 09 22;28-08-1997;CFA 3691-1231259 V0299;162564;CYM x d 09 22;162563;GRX n 24
162567;F;Briar-Brae Zuni Girl;CYM x n 22;06-11-1997;CFA 1645-1178237 V0600;162558;BSH d 03 23;162559;EXO ds 02 62
162574;M;Ne-Purr Clou Doo of Mannks;MAN n 09 23 51;25-10-1999;CFA 0660-1292676 V0601;162573;MAN x d 22;162571;CRX ds 02 21
162575;F;Mannks Leannan Sidhe;MAN x f;21-09-2000;CFA 3647-1334358 V0901;162576;SNO f 05;162577;DRX bs 09 32
162581;M;W'Stern Silverado of Romanxx;MAN x a 09;23-04-1999;CFA 3660-1257843 V060;162579;CRX b 21 33;162580;SNO g 05
162582;F;Romanxx Ridgette;MAN x d 09 22;14-05-2000;CFA 3621-1339062 V0602;162585;DRX n 03;162586;SIA x as 21
162584;F;FIN*D'manns Filemon;MAN ns 22 52;28-03-2002;SRK RX 23850;162572;BSH ns 22 64;162583;MAN n 09 23 51
162600;M;Castilleja's Ivanhoe of Kirleekat;SRL n;...;CFA 2860-1380991 V1202;162592;DRX w;162593;SPH n 32
162602;M;Kirleekat's The Iceman Cometh;DRX w;...;(SE)SNRF DRX 6185;162600;SRL n;162601;DRX w
162603;M;Pattnchat Rockin' Robin;SRL d 22;...;CFA 2960-1162010 V0998;162596;DRX ns 23;162597;DRX e 03
162605;F;Moirja's Alikatt of Kirleekat;DRX f 03;...;(SE)SNRF DRX 6173 K3;162603;SRL d 22;162604;SRL ds
162606;M;Rackartuss Sun;SRL w 62;...;(SE)SNRF DRX 6608;162602;DRX w;162605;DRX f 03
162607;M;Big Blue's Seaking;DRX n;...;FHK KH 2001-06;92532;DRX n 33;146094;MCO n 09 23
162613;F;Big Blue's Nidoqueen;DRX f 24;...;FHK KH 2001-40;162608;DRX n 09 23;162612;SFS non w 62 7
162617;F;Big Blue's Violently Happy;DRX n 09 32;...;FHK KH 2001-19;135934;DRX n 09 33;162616;BSH a 03 23 62
162620;F;Talamasca's Oceanic;DRX f;17-04-2006;FD LO 154650;162606;SRL w 62;162619;DRX n
162623;M;DK Crispus' Luke Skywalker;SRL w 62;08-10-2007;FD LO 154653;129867;DRX ns;162620;DRX f
162643;M;Apophis Bald Eagle;NFO at;...;TICA COP 050203 037;159863;SPH n;;
162719;F;DK LochLoyal's The Day Before Y Came;ACL as 22;09-05-2008;FD RX 154694;130577;XSH bs 22 64;70291;BSH ns 22 64
162720;F;DK LochLoyal's Take a Chance on Me;ACL as 22;09-05-2008;FD RX 154695;130577;XSH bs 22 64;70291;BSH ns 22 64
162733;F;DK Snugglebugs Askepot;SFS non d 03 2;04-04-2008;FD RX 154708;134793;GRX d 24;137379;MCO ns 21
162734;F;DK Snugglebugs Aurora;SRS e 03 24;04-04-2008;FD RX 154709;134793;GRX d 24;137379;MCO ns 21
162735;F;DK Snugglebugs Guldlok;SRL a 03;04-04-2008;FD RX 154710;134793;GRX d 24;137379;MCO ns 21
162736;F;DK Snugglebugs Rapuntzel;GRX f;04-04-2008;FD RX 154711;134793;GRX d 24;137379;MCO ns 21
162834;F;DK Vipperødhus Princess Doris;KBL ns 22;14-04-2008;FD RX 154788;157770;BML fs 11;157811;BSH ns 24 64
162836;M;DK Vipperødhus Denis;BML fs 11;14-04-2008;FD RX 154790;157770;BML fs 11;157811;BSH ns 24 64
162837;F;DK Vipperødhus Daphne;KBL ns 24;14-04-2008;FD RX 154791;157770;BML fs 11;157811;BSH ns 24 64
162851;M;Yogi vom Grutholz;SRL ns;...;RCC 00823RIEX Bd.III;162980;SRS ns 11;162978;XSH b
162856;F;Kiara from Sham;PEB c 21;...;EC-SEL-LO-8231RIEX/6.06;162854;BSH p 03;162855;SRL ns
162857;M;Tom Cruise vom Grutholz;PEB g;...;EC-SEL-0702-091;97376;PER x o;;
162859;M;Jack in the Box vom Grutholz;SRL c 09;...;EC-SEL-R-0503-215;162857;PEB g;162858;BSH b 03
162862;M;Celandine's Brian Arno Jack;PEB g;19-09-2007;FD RX 154897;162861;SRL b 09;162856;PEB c 21
162937;M;Red Bull of Ene's;SPH d 21;...;SNVK 03-11-005K;160387;SPH n;162936;PEB a 33
163055;M;DK Tascoon's Castello;SRS g 03;01-04-2008;FD RX 154812;161785;SIB e 09 22;137659;EUR d 22
163056;M;DK Tascoon's Charlie;EUR ds 22;01-04-2008;FD RX 154813;161785;SIB e 09 22;137659;EUR d 22
163057;F;DK Tascoon's Coco;EUR ds 22;01-04-2008;FD RX 154814;161785;SIB e 09 22;137659;EUR d 22
163058;F;DK Tascoon's Liva;EUR d 22;01-04-2008;FD RX 154815;161785;SIB e 09 22;137659;EUR d 22
163218;F;Smoky Ultra von Begrow;PEB e 33;...;DRV 041113-LH;163209;PEB e 33;163210;PER c
163219;M;Poker-Face von Begrow;EXO cs;...;DRV 043337-LH Bd.XXII;128822;EXO es 03;163218;PEB e 33
163253;M;Lumo Asgaya Giagei;OCI x o 25;...;CFA 0202-1441068 V0305;139216;ABY n;105682;OCI o 24
163317;M;DK ChrisToCats Corvette;ACL as 22;04-05-2008;FD RX 154884;130577;XSH bs 22 64;121774;BSH ns
163428;F;DK Wee-Ko's Vanilla MadeForPleasure;GRX n 03;14-06-2008;FD LO 155050;124886;SIA a 21;135804;OSH f 03
163448;M;Topolino vom Zwergengarten;SRS ns 11;27-03-2007;FD RX 155067;;;163445;XSH w 63
163586;M;DK Pasht's Preben Choc-O'Boy;SPH o 09;28-05-2008;FD LO 155120;112491;BSH b 03;163465;BSH as 22 64
163595;M;Divinus Derek;GRX d 21 33;...;TICA SBT 021205-055;162643;NFO at;163594;SPH f
163598;M;Divinus Maverick;SPH a;...;TICA AE-240706-080;163595;GRX d 21 33;163597;SPH n 09
163602;M;DK Need Fur? Mr. Hyde;NFO ns 03 25;06-05-2008;FD LO 155129;163325;SPH n;133112;SPH f 09 32
163603;M;DK Need Fur? Chunky Monkey;OLH b 03;28-04-2008;FD LO 155130;163325;SPH n;121830;SPH f 09
163693;M;DK Noer's Don Dario;KBL d 03 23;06-04-2008;FD RX 155394;130579;BSH o;119351;BSH c 33
163734;M;DK Cajmajs Kenzo;OLH b 03 23;17-06-2008;FD RX 155197;130756;PER as;136700;PER a 21 33
163815;M;S*Lur Per's Jonathan Rex;OSH g 03 25;08-11-2001;SVERAK RX 175063;163813;CRX g 01;163814;DRX fs 24
163819;M;S*Rovårexen's Alvin Coolcat;DRX as 24;31-01-2003;SVERAK RX 188032;163815;OSH g 03 25;163818;DRX n 21 33
163828;F;Sangeorge Miss Bronte;DRX fs 09;...;(GB)GCCF CS 392595;163826;OSH g 25;163827;DRX f
164021;F;S*Key to Fame's Flashing Felicity;KBL ns 23;...;KKN EXO 2555-04 K4;163467;EXO a 03 24;164020;EXO g 03
164022;M;AnnKriellas X-Man;PER d 02 62;...;KKN LH 2007-2969;164013;PER n 02 62;164021;KBL ns 23
164023;F;AnnKriellas A Girl 2 Die 4;PER d 02 62;25-05-2008;FD LO 155356;164022;PER d 02 62;164021;KBL ns 23
164048;M;DK Boholdt Pablo Picasso;SRS g 03;29-07-2008;FD LO 155372;157597;EUR ns 22;157560;EUR d 24
164194;M;DK Mignon's Sunny;PER d;26-08-2008;FD LO 155494;68607;MCO ns 09 22;87306;PER d 03
164195;M;DK Mignon's Pepper;PER d;26-08-2008;FD LO 155495;68607;MCO ns 09 22;87306;PER d 03
164196;M;DK Mignon's Bamse;PER d;26-08-2008;FD LO 155496;68607;MCO ns 09 22;87306;PER d 03
164197;M;DK Mignon's La Bamba;PER d 03;26-08-2008;FD LO 155497;68607;MCO ns 09 22;87306;PER d 03
164198;F;DK Mignon's Milla;PER f;26-08-2008;FD LO 155498;68607;MCO ns 09 22;87306;PER d 03
164199;F;DK Mignon's Silke;PER f;26-08-2008;FD LO 155499;68607;MCO ns 09 22;87306;PER d 03
164206;M;DK Hvilehøjen's Royal Flush;KBL n 03 23;06-06-2008;FD RX 155506;137166;EXO ds 03 22 6;138539;PER g 33
164316;F;Ibiza De Mil Amores*ES;KBL ds 03 22;...;ASFE LO 36077;164314;PER d 02 62;164315;EXO f 24
164317;F;Roda De Mil Amores*ES;EXO fs 24 62;...;ASFE LO 41075;164310;EXO ns 22 62;164316;KBL ds 03 22
164318;F;Lucentella de Sierra Segura*ES;KBL f 03;30-04-2008;FD LO 155541;158408;EXO d 03 22;164317;EXO fs 24 62
164351;F;Katykaye Front Covergirl;ACL e 09 21;...;GCCF CSSR 652249;164350;EXO n 03;164348;EXO e 03 22
164352;F;Katykaye Lilly;EXO a 03;...;GCCF CSSR 686864;164339;EXO a 03;164351;ACL e 09 21
164414;F;DK Kivi star's Asta;PEB f 21;17-10-2008;FD LO 155773;159352;PER ns 03 24;137407;PER b 03 22
164442;F;Djesika;KBL f 03;...;AC-KBT/04-0410;164437;PEB a 21;164441;SIB es 09 11
164509;M;ST. Augustin af Tokkeløkkehus DK;CRX d 03;27-09-2008;FD LO 155579;132937;CRX n 02;157889;RAG e 21
164510;M;ST. Clair af Tokkeløkkehus DK;CRX d 02;27-09-2008;FD LO 155580;132937;CRX n 02;157889;RAG e 21
164511;F;ST. Catherine af Tokkeløkkehus DK;KBL fs 09 24;27-09-2008;FD LO 155581;132937;CRX n 02;157889;RAG e 21
164512;F;ST. Chapelle af Tokkeløkkehus DK;CRX n 03;27-09-2008;FD LO 155582;132937;CRX n 02;157889;RAG e 21
164544;M;Siamsarabande;SPH b 03 21;24-01-1998;SVERAK RX 149137;164543;DRX ds;164539;DRX f
164546;F;S*Granen's Alida;DRX n 33;29-03-1999;SVERAK RX 157404;164544;SPH b 03 21;164542;DRX n
164695;F;Marvellous Golden Ma Cherie;TUA fs 03 24;...;WCF DE 27436;164691;BSH ny 24;164692;TUA fs 03 24
164700;M;Marvellous Silver Checkmate;BSH ns 24 64;...;WCF DE 64710;116682;BSH ns 22 64;164695;TUA fs 03 24
164706;F;Laura von Amor;BAL g;...;DEKZV 299069;164704;DSP n 21 33;164705;BAL w 67
164716;M;Poseidon Balinesty;BAL w 67;...;NKFV RvT 118.947;164711;PEB e;164715;BAL w 67
164790;M;Enrico from Sham;PEB d 33;...;Kat ID: 317441;164787;BSH a;162853;BSH x
164906;F;DK Riona's Aine;SPH b 21;06-08-2008;FD RX 155856;159762;SRS a;158442;EXO e 02 62
164907;F;DK Riona's Anu;SPH b 21;06-08-2008;FD RX 155857;159762;SRS a;158442;EXO e 02 62
164924;F;DK Birkehøj's Black Diamond;PEB c 21 33;06-11-2008;FD RX 155874;162112;BEN n 24;159706;BEN n 24 33
165050;M;Enchantedpaw Dipped in Cream;...;15-05-2005;CFA 7638-1541924 V0707;160958;PER w 61;160957;EXO g 33
165141;M;Pippastro Silversmith;OLH ns 22;...;GCCF CSSR 554444;165140;OSH x;165139;EXO as 03 23
165142;F;Pippastro Peaceblossum;EXO gs 03 23;...;1.DEKZV RX 324131;165141;OLH ns 22;165138;OSH x
165150;F;Chanteur Choco Chanel;OLH o 24;...;1.DEKZV RX 324132;165149;BAL d 21;165142;EXO gs 03 23
165234;F;Kochav Ha-Carmel Just For Love;SPH f 09;...;ICCF 302/03/SPH;165250;SPH n 33;165251;SRL g 03
165311;F;FIN*Alchemist Citalopram;SRL a 03;06-02-2007;SRK LO 30674;165310;CRX n 09 23;165305;CRX f 03 33
165317;F;FIN*Seer's Branwen;EUR w 63;09-11-2003;SRK LO 25532;165316;CRX n 09;165314;CRX f 24
165325;M;FIN*Seer's Silver Leaf;SRL ns 33;26-08-2005;SRK LO 28077;165324;CRX a 23;165317;EUR w 63
165326;M;FIN*Alchemist Ace 4 Biccibonny;CRX n 09 23;02-05-2008;FD LO 156055;165325;SRL ns 33;165311;SRL a 03
165346;M;S*Impuls Lord Lancelot;SRS n 03;03-10-2001;SVERAK LO 175057;119549;CRX d 09;102046;CRX n 23
165347;F;S*Dunderängens Tullibardine;CRX n 24;19-11-2003;SVERAK LO 196067;165346;SRS n 03;165345;CRX n
165386;M;DK Nyx Illidan Stormrage;SRL f;24-10-2008;FD LO 156079;162510;OSH a;162513;OSH fs 25
165596;F;Charnfield Chanterelle;SRL fs;...;GCCF CSSR 321058;165589;DRX ns 22;165590;DRX f 32
165597;M;Charnfield Curtis;SRL ns;...;GCCF CSSR 365096;165595;DRX ns;165596;SRL fs
165601;F;Charnfield Candiote;DRX ns;...;NRR LO 135725;165597;SRL ns;165600;DRX ns
165602;M;Jinx av Ulse (N);SRL n 33;23-02-2008;FD LO 156177;137225;DRX ds 22;165601;DRX ns
165609;M;Jenirex Captain Pugwash;SRS n;...;GCCF CSSR 319934;165603;DRX d 09;165604;DRX ns
165612;F;Adhirsh Amour;DRX ds;...;GCCF CS 145287;165611;DRX ds;165608;SRS f
165654;F;S*Röda Nejlikan's A Avianca;SRS d 03;01-01-2006;SVERAK RX 218544;120997;DRX n 09 32;165653;DRX f
165664;M;S*Röda Nejlikan's O Ode to Mischek;SRS f 33;01-11-2008;FD LO 156182;165663;DRX a 33;165654;SRS d 03
165685;F;Fantagiró Dargento;SRS es 11;13-07-2008;FD LO 156184;160402;SPH e 09 32;165684;SPH f 09
165697;M;DK Noer's Hercule Poirot;DRX b 03;13-07-2008;FD RX 156196;135865;BSH b;159062;SRS a 33
165822;F;DK Nadikat's Anubis;SRS ns 03 11;26-08-2008;FD LO 156253;160516;SPH d;160526;SPH a
165831;F;Briar-Brae Tabbatha;MAN x n 22;20-04-1995;CFA 0645-1007035 V0696;162560;MAN x a;162559;EXO ds 02 62
165834;M;Minusdetails Domino of Macmanxel;MAN x n 09;12-09-1996;CFA 3660-1104519 V0198;165832;SRS f 03;165833;SRS g 33
165837;F;DK Ligaen Jive D'manns;SRL f 03;12-02-2009;FD RX 156260;165836;CYM n 03 51;162570;MAN f 09 51
165838;F;DK Ligaen Rumba;SRL ns 11;12-02-2009;FD RX 156261;165836;CYM n 03 51;162570;MAN f 09 51
165839;M;DK Ligaen Fox Trot;SRS f 03;12-02-2009;FD RX 156262;165836;CYM n 03 51;162570;MAN f 09 51
165840;M;DK Ligaen River Dance;SRL es 03;12-02-2009;FD RX 156263;165836;CYM n 03 51;162570;MAN f 09 51
166215;M;DK Mønstervæld K.Nut;SPH n 21 33;06-01-2009;FD LO 156473;166193;DRX n 09 24;44982;DRX fs 09 24
166246;F;S*Vadmarken's Koriander;SPH n 09 21 33;21-01-2009;FD RX 156497;166242;BSH b 02 62;166244;BSH b 24
166569;F;DK Timian's Aya;MAN x f 22;30-12-2008;FD RX 156716;161042;JBT d 09;124384;JBT f 01
166582;F;DK Calico Moon's Citrine;SIB n 03 22;06-04-2009;FD RX 156729;166308;SRS o;161919;SRS f
166585;F;DK Calico Moon's Black Tourmaline;SIB n 03 24;06-04-2009;FD RX 156732;166308;SRS o;161919;SRS f
166586;F;DK Calico Moon's Black Onyx;SIB n 03 24;06-04-2009;FD RX 156733;166308;SRS o;161919;SRS f
166661;F;Salomeya Forbarra Barrayar;KBL ns 24;...;1.DEKZV 323536;168905;KBL ns;169160;MAN x ns
166663;F;Madonna Eridana;KBL d 03 22;...;WCF AB-102/KBT/2003;169162;BSH d 03 22;169161;KBL d 03 22
166714;F;DK Birkehøj's Snow Crystal;DRX f 03 33;29-04-2009;FD RX 156825;166711;BEN x ns 24;159706;BEN n 24 33
166732;F;Q-Shakira Nexelindjes;SPH f;...;CFA 5047-1532654;166731;SPH n 09;166729;MAN x a 09
166738;F;Lumo Nyarlathotep of Lumo;OCI b 24;...;CFA 0217-151837;166736;MAN x f;166737;OCI x n 25
166739;M;Dream Tigers Antares;OCI n 24;28-04-2005;CFA 0202-1527871;166736;MAN x f;166737;OCI x n 25
166792;F;DK Gugs Ticked Ivy;MAN x d 09 23;30-04-2009;FD RX 156838;96485;BSH n 24;127463;BSH d
166959;M;DK Von Stolt's PlayBoy Candyman;CYM e 52;18-05-2009;FD LO 156960;136566;PER a 01 21 62;161402;ACL e 09 21
166960;M;DK Von Stolt's PlayBoy Sugar Daddy;EXO e 01 62;18-05-2009;FD LO 156961;136566;PER a 01 21 62;161402;ACL e 09 21
166961;F;DK Von Stolt's PlayBoy Honey Bunny;EXO a 02 62;18-05-2009;FD LO 156962;136566;PER a 01 21 62;161402;ACL e 09 21
166972;M;DK Vipperødhus Filip;CYM d 52;18-04-2009;FD RX 156973;163448;SRS ns 11;159344;XLH
166973;F;DK Vipperødhus Filippa;MAN x ns 23 54;18-04-2009;FD RX 156974;163448;SRS ns 11;159344;XLH
166974;F;DK Vipperødhus Foxy Flame;CYM d 09 22 52;18-04-2009;FD RX 156975;163448;SRS ns 11;159344;XLH
167012;F;Tachimas' Arsene, JW;DRX c 21 32;...;(D)DEKZV RX 312308;139459;SIA n 03;167011;SIA f
167020;M;Calenacat's Oscar;OSH b 03 25;...;(D)DEKZV LO 335286;167013;OSH n 25;167012;DRX c 21 32
167133;F;DK Chatil de Rex's Kiss;DRX e 03;06-06-2009;FD LO 157100;118080;PER b 02 62;160305;PER hs
167209;M;DK Marsini's X-Ray;DRX bs 23;21-07-2009;FD LO 157164;136566;PER a 01 21 62;160453;PER ns 02 21 6
167210;F;DK Marsini's Xanadu;DRX bs 23;21-07-2009;FD LO 157165;136566;PER a 01 21 62;160453;PER ns 02 21 6
167224;F;DK Biccibonny's Daisha of Beniac;DRX ds 03;01-06-2009;FD LO 157179;165326;CRX n 09 23;133466;CRX g
167232;F;DK Noer's Lilo;SIB n 03 24;18-05-2009;FD RX 157187;160949;SRS n;159062;SRS a 33
167287;M;Pythagoras Eminem;DRX bs 09;15-06-2009;FD LO 157242;160832;EXO as 03 24;131944;PER g 03
167526;F;DK Pigalop's Matilde;DRX g 03 22;06-07-2009;FD LO 157433;118080;PER b 02 62;137982;EXO j 03 22
167558;M;S*Curlicue's Nexus;DRX n 32;15-03-2002;(S)SVERAK RX 178715;167555;SRL ns;160319;DRX w 64
167560;M;S*Lockhart's Chocolate Boy;SRL ns;01-02-2004;(S)SVERAK RX 197485;167552;DRX ns;167553;XSH ns 24
167561;F;S*Citrinen's Kalla;DRX w 62;23-02-2006;(S)SVERAK RX 219793;167560;SRL ns;137078;DRX w 62
167716;M;DK Silky Catz The Winner takes it all;MCO fs 03 23;09-07-2009;(SE)SVERAK RX 263120;166031;KBL d 24;164444;KBL fs 01 21
167717;F;DK Silky Catz Mamma Mia;DRX g 09 33;09-07-2009;FD RX 157494;166031;KBL d 24;164444;KBL fs 01 21
168325;M;(N)Bobo's Lincoln Rhyme;DRX b;20-07-2009;FD LO 157820;165602;SRL n 33;162527;DRX n 24
168326;F;(N)Bobo's Amalia Sachs;DRX b;20-07-2009;FD LO 157821;165602;SRL n 33;162527;DRX n 24
168494;F;Meg Ryan af Jurian DK;CYM e 52;19-10-2009;FD LO 157903;114866;PER e 03;111946;PER g 02 21 62
168603;M;DK All-Saints Patrick;SRL c 09;07-11-2009;FD LO 158011;82344;BML ns 11 31;157567;BML as 11 31
168604;F;DK All-Saints Polly;SRL c 09;07-11-2009;FD LO 158012;82344;BML ns 11 31;157567;BML as 11 31
168705;F;Ziggi af Misapotanien;SRL c 09;19-11-2009;(DK)FD LO 158093;36609;BML ns 11;160115;BML ns 11
168717;F;Breath-Taking's Kispus;EXO d 03 24;07-10-2009;(DK)FD LO 158105;162229;EUR ns 24;157559;EUR e 22 62
168719;M;Breath-Taking's Mozart;EXO x n 02 21;07-10-2009;(DK)FD LO 158107;162229;EUR ns 24;157559;EUR e 22 62
168720;M;Breath-Taking's HC Hans Christian;EXO x;07-10-2009;(DK)FD LO 158108;162229;EUR ns 24;157559;EUR e 22 62
168730;F;Ysaja Utopia vom Charmäleon;DRX n 02;...;BKKV 049.0602;168728;SRL w 62;168729;DRX ns 09
168750;M;DK Vipperødhus Kola;BSH x;09-11-2009;(DK)FD RX 158125;163693;KBL d 03 23;114572;BSH c
168751;M;DK Vipperødhus Kir;BSH x;09-11-2009;(DK)FD RX 158126;163693;KBL d 03 23;114572;BSH c
168752;M;DK Vipperødhus Kahlua;BSH x;09-11-2009;(DK)FD RX 158127;163693;KBL d 03 23;114572;BSH c
168767;F;Sitanonchai Audrey Hepburn;BML bs 11;...;NL.FE.R01.BML.005.4;168765;BML ns 11;168766;BUR c
168768;F;Felis Zitteli's Milady Melody;BML ns 11;...;NL.FE.R04.BML.003.3;168764;PER ns 11;168767;BML bs 11
168786;M;Yaroslav Vasilievich of Alexander-Fred;EUR x g 03 22;...;AB-020/KBT/2001;159548;KBL ns 22;168785;EUR x e 03 24
168787;M;Loky ForBarra of Barrayar;BSH d 21 33;...;(RUS)AB-045/KBT/2003;168786;EUR x g 03 22;166029;BSH d 21 33
168911;F;Mara Primavera Kubri of Barrayar;EUR x f 03 23;...;(RUS)AB-201/KBT/2004;166670;KBS n 24;168910;RAG e 04 21
168912;F;Osaka Akkari Ainu;OLH b 23;02-12-2007;(DK)FD RX 158195;168787;BSH d 21 33;168913;OLH ns 23
168913;F;Candy Akkari Ainu;OLH ns 23;...;(RUS)AB-194/KBT/2006;168907;KBL ns 22;168911;EUR x f 03 23
168936;M;DK Silky Catz Blackberry;SPH a 09 21;19-11-2009;(DK)FD LO 158202;166674;KBL n 09 23;164444;KBL fs 01 21
168937;M;DK Silky Catz Razzberry;BSH p 03;19-11-2009;(DK)FD LO 158203;166674;KBL n 09 23;164444;KBL fs 01 21
168938;M;DK Silky Catz Blueberry;PER cs 03 22 6;19-11-2009;(DK)FD LO 158204;166674;KBL n 09 23;164444;KBL fs 01 21
169353;F;S*IzaRex Milady;DRX a 09;20-03-2003;(SE)SVERAK RX 188740;169351;BEN x n;169352;DRX ns
169439;F;DK Amorito's Over the Rainbow;OLH n 21;24-01-2010;(DK)FD LO 158419;166031;KBL d 24;168912;OLH b 23
169440;M;DK Amorito's That's Amoré;OLH x;24-01-2010;(DK)FD LO 158420;166031;KBL d 24;168912;OLH b 23
169572;M;DK Ligaen Spiderman;SPH h 09 21;06-01-2010;(DK)FD RX 158477;162591;CYM d 52;162570;MAN f 09 51
169573;M;DK Ligaen Lille Peter Edderkop;SPH f 01 21;06-01-2010;(DK)FD RX 158478;162591;CYM d 52;162570;MAN f 09 51
169793;M;Python of Golden Haze DK;PEB c 21 33;10-02-2010;(DK)FD RX 158599;166035;BEN n 24;162115;BEN n 24
169795;F;Nyx of Golden Haze DK;PEB c 21 33;10-02-2010;(DK)FD RX 158601;166035;BEN n 24;162115;BEN n 24
169882;M;Pattnchat Ernie Lou;DRX d 09 22;16-07-2005;(SE)SVERAK LO 223782;169880;CRX f 01 33;169881;CRX j 09 24
169887;M;S*Wicked Witch Adonis;KBL fs 01 21;05-05-2000;(SE)SVERAK RX 162825;169885;DRX ns 09 24;169886;XSH g
169890;F;S*Pipistrello's Yaatakk!;DRX f 24;01-11-2001;CFA 0027-1584704 V1007;169887;KBL fs 01 21;169889;DRX ns 09
169960;M;Dolunay af Misapotanien;SRL c 09;05-05-2010;(DK)FD RX 158711;162820;BML as 11;126845;BML ns 11
169968;M;Boncuk af Misapotanien;SRL c 09;03-05-2010;(DK)FD LO 158719;82175;BML ns 11 31;161589;BML ns 11
169971;F;DK Ligaen Gucci;OSH as 25;26-03-2010;(DK)FD RX 158722;162591;CYM d 52;165829;CYM n 02 51
169972;F;DK Ligaen Dolce Gabbana Conan;DRX f 21 32;26-03-2010;(DK)FD RX 158723;162591;CYM d 52;165829;CYM n 02 51
169973;F;DK Ligaen Miu Miu;DRX bs;26-03-2010;(DK)FD RX 158724;162591;CYM d 52;165829;CYM n 02 51
170151;F;DK Cha-Mamitosu Pricilla;SIB fs 09;07-05-2010;(DK)FD LO 158832;139686;EXO d 21 33;162201;PER n 33
170156;M;DK Amorito's Black Sabbath;PEB a 21;03-05-2010;(DK)FD RX 158837;169158;KBL n 03;167001;KBL n 24
170157;M;DK Amorito's Metallica;SPH d 21;03-05-2010;(DK)FD RX 158838;169158;KBL n 03;167001;KBL n 24
170159;F;DK Amorito's Nirvana;DRX fs 32;03-05-2010;(DK)FD RX 158840;169158;KBL n 03;167001;KBL n 24
170160;F;DK Amorito's Muse;SIB fy 09 24;03-05-2010;(DK)FD RX 158841;169158;KBL n 03;167001;KBL n 24
170161;F;DK Mischek Elektra;SRL d 22;20-04-2010;(DK)FD LO 158842;165664;SRS f 33;166095;DRX hs
170162;F;DK Mischek Enigma;DRX bs 09 22;20-04-2010;(DK)FD LO 158843;165664;SRS f 33;166095;DRX hs
170331;M;DK Seaview Bengal Amazing Keigo;BEN n 24;30-05-2010;(DK)FD RX 158978;166035;BEN n 24;166714;DRX f 03 33
170332;M;DK Seaview Bengal Amazing Salvatico;BEN n 24;30-05-2010;(DK)FD RX 158979;166035;BEN n 24;166714;DRX f 03 33
170333;F;DK Seaview Bengal Amazing Macchia;BEN n 24;30-05-2010;(DK)FD RX 158980;166035;BEN n 24;166714;DRX f 03 33
170334;F;DK Seaview Bengal Amazing Ayo;BEN x ns 24;30-05-2010;(DK)FD RX 158981;166035;BEN n 24;166714;DRX f 03 33
170335;F;DK Seaview Bengal Amazing Ederra;BEN x ns 24;30-05-2010;(DK)FD RX 158982;166035;BEN n 24;166714;DRX f 03 33
170351;M;DK All-Saints Quito;DRX d 09 33;11-06-2010;(DK)FD RX 158998;167587;BUR e;162211;BML ns 11 31
170353;F;DK All-Saints Quita;SPH h;11-06-2010;(DK)FD RX 159000;167587;BUR e;162211;BML ns 11 31
170460;F;Black Silk of Golden Haze DK;PEB c 21 33;04-05-2010;(DK)FD RX 159055;166035;BEN n 24;162116;BEN n 24
170461;F;Black Velvet of Golden Haze DK;PEB c 21 33;04-05-2010;(DK)FD RX 159056;166035;BEN n 24;162116;BEN n 24
170464;F;African Moon Shadow of Golden Haze DK;PEB c 21 33;22-05-2010;(DK)FD RX 159059;166035;BEN n 24;163762;BEN n 24
170571;M;DK Arjuna's Fætter Lavben;SIB fs 09 24;04-03-2010;(DK)FD LO 159147;161259;OLH n 22;161308;OSH h
170694;F;DK Cha-Mamitosu Silvia;SIB fs 09;17-06-2010;(DK)FD LO 159270;139686;EXO d 21 33;159161;PER n
171548;F;Calenacat's I-xtreme of Okonor;OSH n 03;...;(DE)DEKZV LO 330714;167013;OSH n 25;167012;DRX c 21 32
171790;F;Grandiorecchie Zoe;DRX f 09;...;(IT)ANFI LO 72042;171789;DRX d 09;94544;RAG n 03
174514;F;S*Bonfamille's Nora Norella;SBI a;29-04-2003;(SE)SVERAK LO 190276;174512;SIA a 21;174513;SBI a
177550;M;Red Alert's Bobje;BML ds 11;...;(NL)MU.RX05.BML.011;177549;BML ns 11;177548;BUR d
177551;F;Blue Velvet's Seasons of MyHeart;BML fs 11;...;(NL)MU.R03.BML.1.002.6;177547;BUR d;177546;BML ns 11
178420;F;LV*Merry Toy Cat Lulu Lissy;...;...;Kat ID: 331106;172892;SPH n 32;178419;SPH n 02 21
180170;F;Laverton Blue Bumble Bee;SPH n 02 21 32;...;(RU)SPH/05E11782;162250;SPH a 09;162246;MCO fs 01
181187;M;Nafania Eridan;KBS n 03 23;...;(RU)FM RIEX KBT/2003-13;169162;BSH d 03 22;181186;KBS f 03 23
181856;F;Coldenufforsnow Valloir;SNO a 05;...;GCCF CS EXP 713922;181854;SNO a 05;181855;RAG a
185348;M;Nafanya Eridan;KBL n 03 23;...;SFF-KBLex/00007/05;169162;BSH d 03 22;181186;KBS f 03 23
185499;M;The Blue Sassenach Jamay;BLH b;...;CP e.V. CP07-2206-M-MR;185498;XLH c;185497;XLH n
185502;M;Balou of Highland Dreams;BLH e;...;1FCC BLH 050506005;185500;BSH a 03;185501;XLH g
185505;F;Elli von Harbergs-Höhen;BLH g 03;...;RKVN RW 07-6088;185503;XLH a 03 21 33;185504;XLH e
188087;M;Blockbuster de Broeckloni;BSH ns 22 64;...;(NL)MU.R03.BRI.002.3;126021;BSH ns 22 64;161635;AMS non ns 22
188356;F;Saskia Du Clos Des Orchidees;SPH g;...;991 LLOC-Fe;159633;MCO fs 02;188445;SPH g 03
191873;F;Aura Cute Shoulder Dragon;SPH d 21 32;16-05-2011;TICA AOP 051611 048;191872;DRX d 21 32;191865;SPH d 09 32
192850;M;SE*Kot-à-Kuril Tengel;KBL n 22;15-04-2012;(SE)SVERAK RX 287194;167716;MCO fs 03 23;192849;KBL n 03 22
194043;F;Sweetchocolate Marshmallow;BML cs 11;...;(IT)AFEF RX.2178;194041;BML as 11;194042;BUR b
194650;M;DK Pigalop's Créme Fraîche;;;;;;;
che;PER e 03 23;19-10-2013;(DK)FD LO 216013;170566;PER w 62;164618;EXO f 03 24;;
196040;M;Snowangels Commander In Chief;SNO n 05;...;TICA SBT 040603 002;196039;SNO a 05;158572;SIB fs 03
196074;M;Ferry vom Friedwald;SNO n 05;...;GCCF CSREF 569087;158575;SIB f 03 23;158574;SIB fs 03
196316;F;SE*Kot-à-Kuril One for all;KBL n 03 22;03-07-2011;(SE)SVERAK RX 279284;167716;MCO fs 03 23;192849;KBL n 03 22
198159;M;DK Killix Mork;...;22-05-2014;(DK)FD LO 218105;171848;NFO n;181775;NFO f 09 22
199265;F;Grioza ForBarra of Barrayar;KBS fs 03 22;...;(RU)AB-037/KBT/2002;168786;EUR x g 03 22;168379;KBL d 09 22
200201;M;Max Manikeob;BSH ns 03 22 6;24-03-2014;(DK)FD RX 219308(RR);199322;BSH ns 22 64;200184;AMS non ns 02
200869;M;DK Miciomicio Balou;KBL n 09 23;27-07-2014;(DK)FD LO 219603;167716;MCO fs 03 23;182158;KBL ns 22
201419;F;AnnKriellas Opal Spot;EXO n 03 23;19-02-2005;KKN EXO 2658-05;157645;PER n 02 62;164021;KBL ns 23
201771;F;Toriland Promise of Pandora;BOM non n;...;TICA SBV 121007 014;201301;BOM non n;201770;BUR n
201772;M;Wizardgate Whizz;BOM non n;...;TICA SBV 042509 018;176740;BUR n;201771;BOM non n
201773;M;Wizardgate Bippity Boppity Boo;BOM non n;...;TICA SBV 061610 019;201772;BOM non n;201304;BUR n
201774;F;Securitazz Jewlzgalore;BUR n;27-08-2014;(DK)FD RX 220142(RR);201773;BOM non n;201769;BUR n
202342;F;Ginger v. Joy Panthera;OSH a;...;Missing Info (424);103959;SBI c;202341;OSH b 22
202524;F;Queen of the Jaguar House;BEN n 24;...;TICA SBT 032905 042;202523;BEN n 24;202522;Colour unknown
204757;F;FIN*Friday Cha Cha Cha;SPH f 02 32;...;(RU)FCA N 030903 001/SPH;160383;SIB e 01;160382;SPH f 09 32
204842;M;Roza Kaira Orion;SPH b 03 32;21-07-2014;(DK)FD RX 221856(RR);204841;XSH n 03 32;204838;XSH h
205689;M;Yolo of Silverrush;BSH ns 03 22 6;...;(NL)MU.RX13.BRI.011.3.RR;205688;AMS non ns 03;205672;BSH ns 22 64
206546;F;Foxy Sunline*UA;BSH c;...;(UA)UFU LO 3001;171328;MCO n 22;187732;BSH c
207953;F;GB*Gem's Symphony In Silver;BML bs 11;...;GB CA RX 0207500;207951;BUR c;207952;BML bs 11
208268;F;Gryffindors Point Ivy;...;...;GdK-01-007359/2020-w Riex;208266;BSH ns 11;208267;XSH as 11 33
208843;M;Inglewood's Kian;BML ns 11;...;(NL)MU.RX08.BML.088;208842;PER ns 11;168782;BML ns 11
211728;F;Vivien Evelin Star;...;...;WCF AS 10482-09;211715;BSH ny 25;211727;BSH ns 21 33
212310;M;Tichon Taiga Märchen*CH;SIB ny 22;...;(CH)FFH RX 25229;212305;SIB ny 22;21244;PER n
